Dataset;Scenario;Delay_Percentage;Label_Budget_Percentage;Delay_Instances;Initial_Training_Instances;Evaluation_Instances;Window_Evaluation;Runs;Total_Instances;Queried_avg;Queried_std;Effective_Query_Percentage_avg;Effective_Query_Percentage_std;Delivered_During_Stream_avg;Delivered_During_Stream_std;Flushed_After_Stream_avg;Flushed_After_Stream_std;Total_Label_Cost_avg;Total_Label_Cost_std;Delivered_Percentage_avg;Delivered_Percentage_std
Adaptação_1000;Default_FullFeatures;0.0;1.0;0;4750;13250;100;5;18000;131.6;3.4409301068170506;0.9932075471698114;0.02596928382503434;131.6;3.4409301068170506;0.0;0.0;27.120000000000005;0.019116278371205834;0.9932075471698113;0.025969283825034342
Adaptação_1000;Default_FullFeatures;0.0;3.0;0;4750;13250;100;5;18000;383.0;5.796550698475776;2.890566037735849;0.043747552441326644;383.0;5.796550698475776;0.0;0.0;28.516666666666666;0.03220305943597653;2.890566037735849;0.04374755244132661
Adaptação_1000;Default_FullFeatures;0.0;5.0;0;4750;13250;100;5;18000;654.0;8.17312669668102;4.935849056603773;0.06168397506929073;654.0;8.17312669668102;0.0;0.0;30.022222222222222;0.045406259426005666;4.935849056603773;0.061683975069290714
Adaptação_1000;Default_FullFeatures;0.0;10.0;0;4750;13250;100;5;18000;1326.2;23.361506800718143;10.009056603773583;0.17631325887334529;1326.2;23.361506800718143;0.0;0.0;33.75666666666667;0.12978614889287857;10.009056603773585;0.17631325887334448
Adaptação_1000;Default_FullFeatures;0.0;30.0;0;4750;13250;100;5;18000;4013.4;29.34348309250284;30.289811320754723;0.2214602497547388;4013.4;29.34348309250284;0.0;0.0;48.68555555555555;0.16301935051390465;30.289811320754715;0.2214602497547384
Adaptação_1000;Default_FullFeatures;0.0;100.0;0;4750;13250;100;5;18000;13250.0;0.0;100.0;0.0;13250.0;0.0;0.0;0.0;100.0;0.0;100.0;0.0
Adaptação_1000;Default_FullFeatures;1.0;1.0;180;4750;13250;100;5;18000;131.6;3.4409301068170506;0.9932075471698114;0.02596928382503434;128.6;3.4409301068170506;3.0;0.0;27.120000000000005;0.019116278371205834;0.970566037735849;0.025969283825034342
Adaptação_1000;Default_FullFeatures;1.0;3.0;180;4750;13250;100;5;18000;383.0;5.796550698475776;2.890566037735849;0.043747552441326644;377.2;7.413501197140255;5.8;1.7204650534085253;28.516666666666666;0.03220305943597653;2.8467924528301887;0.0559509524312472
Adaptação_1000;Default_FullFeatures;1.0;5.0;180;4750;13250;100;5;18000;654.0;8.17312669668102;4.935849056603773;0.06168397506929073;645.0;8.78635305459552;9.0;2.3664319132398464;30.022222222222222;0.045406259426005666;4.867924528301887;0.0663120985252492
Adaptação_1000;Default_FullFeatures;1.0;10.0;180;4750;13250;100;5;18000;1326.2;23.361506800718143;10.009056603773583;0.17631325887334529;1309.2;21.78439808670416;17.0;3.8987177379235853;33.75666666666667;0.12978614889287857;9.880754716981132;0.16441055159776727
Adaptação_1000;Default_FullFeatures;1.0;30.0;180;4750;13250;100;5;18000;4013.4;29.34348309250284;30.289811320754723;0.2214602497547388;3956.6;28.309715646752792;56.8;6.4621977685614045;48.68555555555555;0.16301935051390465;29.861132075471698;0.2136582312962475
Adaptação_1000;Default_FullFeatures;1.0;100.0;180;4750;13250;100;5;18000;13250.0;0.0;100.0;0.0;13070.0;0.0;180.0;0.0;100.0;0.0;98.64150943396227;0.0
Adaptação_1000;Default_FullFeatures;5.0;1.0;900;4750;13250;100;5;18000;131.6;3.4409301068170506;0.9932075471698114;0.02596928382503434;123.0;3.3466401061363023;8.6;1.8547236990991407;27.120000000000005;0.019116278371205834;0.9283018867924528;0.025257661178387188
Adaptação_1000;Default_FullFeatures;5.0;3.0;900;4750;13250;100;5;18000;383.0;5.796550698475776;2.890566037735849;0.043747552441326644;358.4;7.227724399837061;24.6;2.244994432064365;28.516666666666666;0.03220305943597653;2.7049056603773587;0.054548863394996684
Adaptação_1000;Default_FullFeatures;5.0;5.0;900;4750;13250;100;5;18000;654.0;8.17312669668102;4.935849056603773;0.06168397506929073;614.0;6.985699678629192;40.0;4.381780460041329;30.022222222222222;0.045406259426005666;4.633962264150943;0.052722261725503344
Adaptação_1000;Default_FullFeatures;5.0;10.0;900;4750;13250;100;5;18000;1326.2;23.361506800718143;10.009056603773583;0.17631325887334529;1238.8;21.08459153030952;87.4;9.76933979345585;33.75666666666667;0.12978614889287857;9.34943396226415;0.1591289926815813
Adaptação_1000;Default_FullFeatures;5.0;30.0;900;4750;13250;100;5;18000;4013.4;29.34348309250284;30.289811320754723;0.2214602497547388;3742.2;24.235511135521776;271.2;10.870142593360953;48.68555555555555;0.16301935051390465;28.24301886792453;0.18290951800393793
Adaptação_1000;Default_FullFeatures;5.0;100.0;900;4750;13250;100;5;18000;13250.0;0.0;100.0;0.0;12350.0;0.0;900.0;0.0;100.0;0.0;93.20754716981132;0.0
Adaptação_1000;Default_FullFeatures;10.0;1.0;1800;4750;13250;100;5;18000;131.6;3.4409301068170506;0.9932075471698114;0.02596928382503434;117.2;3.059411708155671;14.4;3.2;27.120000000000005;0.019116278371205834;0.8845283018867924;0.023089899684193744
Adaptação_1000;Default_FullFeatures;10.0;3.0;1800;4750;13250;100;5;18000;383.0;5.796550698475776;2.890566037735849;0.043747552441326644;335.4;7.282856582413249;47.6;4.963869458396342;28.516666666666666;0.03220305943597653;2.531320754716981;0.05496495533896791
Adaptação_1000;Default_FullFeatures;10.0;5.0;1800;4750;13250;100;5;18000;654.0;8.17312669668102;4.935849056603773;0.06168397506929073;573.2;8.23164625090267;80.8;7.0823724838503095;30.022222222222222;0.045406259426005666;4.326037735849057;0.062125632082284304
Adaptação_1000;Default_FullFeatures;10.0;10.0;1800;4750;13250;100;5;18000;1326.2;23.361506800718143;10.009056603773583;0.17631325887334529;1154.6;18.682612237050794;171.6;8.089499366462675;33.75666666666667;0.12978614889287857;8.713962264150942;0.14100084707208146
Adaptação_1000;Default_FullFeatures;10.0;30.0;1800;4750;13250;100;5;18000;4013.4;29.34348309250284;30.289811320754723;0.2214602497547388;3467.6;26.33324894501246;545.8;8.133879763065101;48.68555555555555;0.16301935051390465;26.17056603773585;0.19874150147179215
Adaptação_1000;Default_FullFeatures;10.0;100.0;1800;4750;13250;100;5;18000;13250.0;0.0;100.0;0.0;11450.0;0.0;1800.0;0.0;100.0;0.0;86.41509433962264;0.0
Adaptação_200;Default_FullFeatures;0.0;1.0;0;3950;11650;100;5;15600;118.6;1.8547236990991407;1.0180257510729613;0.015920375099563507;118.6;1.8547236990991407;0.0;0.0;26.08076923076923;0.011889254481404748;1.0180257510729613;0.01592037509956344
Adaptação_200;Default_FullFeatures;0.0;3.0;0;3950;11650;100;5;15600;340.8;6.554387843269575;2.925321888412017;0.05626083985639126;340.8;6.554387843269575;0.0;0.0;27.505128205128205;0.04201530668762548;2.925321888412017;0.0562608398563912
Adaptação_200;Default_FullFeatures;0.0;5.0;0;3950;11650;100;5;15600;582.6;6.711184694225007;5.0008583690987125;0.05760673557274671;582.6;6.711184694225007;0.0;0.0;29.05512820512821;0.04302041470657055;5.0008583690987125;0.057606735572746835
Adaptação_200;Default_FullFeatures;0.0;10.0;0;3950;11650;100;5;15600;1176.4;17.77188791321845;10.097854077253219;0.15254839410487897;1176.4;17.77188791321845;0.0;0.0;32.86153846153846;0.11392235841806699;10.09785407725322;0.1525483941048794
Adaptação_200;Default_FullFeatures;0.0;30.0;0;3950;11650;100;5;15600;3531.4;29.499830507987667;30.312446351931335;0.25321742925311236;3531.4;29.499830507987667;0.0;0.0;47.957692307692305;0.18910147761530555;30.31244635193133;0.253217429253113
Adaptação_200;Default_FullFeatures;0.0;100.0;0;3950;11650;100;5;15600;11650.0;0.0;100.0;0.0;11650.0;0.0;0.0;0.0;100.0;0.0;100.0;0.0
Adaptação_200;Default_FullFeatures;1.0;1.0;156;3950;11650;100;5;15600;118.6;1.8547236990991407;1.0180257510729613;0.015920375099563507;117.4;2.8705400188814645;1.2;1.1661903789690602;26.08076923076923;0.011889254481404748;1.007725321888412;0.024639828488252913
Adaptação_200;Default_FullFeatures;1.0;3.0;156;3950;11650;100;5;15600;340.8;6.554387843269575;2.925321888412017;0.05626083985639126;337.4;6.651315659326356;3.4;0.8;27.505128205128205;0.04201530668762548;2.896137339055794;0.05709283827747945
Adaptação_200;Default_FullFeatures;1.0;5.0;156;3950;11650;100;5;15600;582.6;6.711184694225007;5.0008583690987125;0.05760673557274671;575.6;8.01498596380555;7.0;2.3664319132398464;29.05512820512821;0.04302041470657055;4.940772532188841;0.06879816277944678
Adaptação_200;Default_FullFeatures;1.0;10.0;156;3950;11650;100;5;15600;1176.4;17.77188791321845;10.097854077253219;0.15254839410487897;1160.0;16.661332479726823;16.4;3.1368774282716245;32.86153846153846;0.11392235841806699;9.957081545064378;0.14301572943971522
Adaptação_200;Default_FullFeatures;1.0;30.0;156;3950;11650;100;5;15600;3531.4;29.499830507987667;30.312446351931335;0.25321742925311236;3482.0;28.049955436684744;49.4;3.9799497484264794;47.957692307692305;0.18910147761530555;29.888412017167383;0.24077214967111368
Adaptação_200;Default_FullFeatures;1.0;100.0;156;3950;11650;100;5;15600;11650.0;0.0;100.0;0.0;11494.0;0.0;156.0;0.0;100.0;0.0;98.66094420600858;0.0
Adaptação_200;Default_FullFeatures;5.0;1.0;780;3950;11650;100;5;15600;118.6;1.8547236990991407;1.0180257510729613;0.015920375099563507;111.2;5.635601121442148;7.4;4.586937976471886;26.08076923076923;0.011889254481404748;0.9545064377682403;0.048374258553151486
Adaptação_200;Default_FullFeatures;5.0;3.0;780;3950;11650;100;5;15600;340.8;6.554387843269575;2.925321888412017;0.05626083985639126;319.6;9.32952303175248;21.2;2.9257477676655586;27.505128205128205;0.04201530668762548;2.7433476394849787;0.08008174276182385
Adaptação_200;Default_FullFeatures;5.0;5.0;780;3950;11650;100;5;15600;582.6;6.711184694225007;5.0008583690987125;0.05760673557274671;550.0;10.198039027185569;32.6;3.878143885933063;29.05512820512821;0.04302041470657055;4.721030042918455;0.0875368156839963
Adaptação_200;Default_FullFeatures;5.0;10.0;780;3950;11650;100;5;15600;1176.4;17.77188791321845;10.097854077253219;0.15254839410487897;1101.6;18.456435192094922;74.8;3.9698866482558417;32.86153846153846;0.11392235841806699;9.455793991416307;0.15842433641283196
Adaptação_200;Default_FullFeatures;5.0;30.0;780;3950;11650;100;5;15600;3531.4;29.499830507987667;30.312446351931335;0.25321742925311236;3298.0;30.809089567853185;233.4;10.365326815879952;47.957692307692305;0.18910147761530555;28.30901287553648;0.2644557044450917
Adaptação_200;Default_FullFeatures;5.0;100.0;780;3950;11650;100;5;15600;11650.0;0.0;100.0;0.0;10870.0;0.0;780.0;0.0;100.0;0.0;93.30472103004291;0.0
Adaptação_200;Default_FullFeatures;10.0;1.0;1560;3950;11650;100;5;15600;118.6;1.8547236990991407;1.0180257510729613;0.015920375099563507;102.6;4.715930449020639;16.0;3.40587727318528;26.08076923076923;0.011889254481404748;0.8806866952789699;0.04048008969116428
Adaptação_200;Default_FullFeatures;10.0;3.0;1560;3950;11650;100;5;15600;340.8;6.554387843269575;2.925321888412017;0.05626083985639126;295.8;8.280096617793781;45.0;3.22490309931942;27.505128205128205;0.04201530668762548;2.5390557939914165;0.07107379071067624
Adaptação_200;Default_FullFeatures;10.0;5.0;1560;3950;11650;100;5;15600;582.6;6.711184694225007;5.0008583690987125;0.05760673557274671;511.2;7.833262411026455;71.4;2.33238075793812;29.05512820512821;0.04302041470657055;4.387982832618026;0.06723830395730863
Adaptação_200;Default_FullFeatures;10.0;10.0;1560;3950;11650;100;5;15600;1176.4;17.77188791321845;10.097854077253219;0.15254839410487897;1023.4;17.81684596105607;153.0;3.8987177379235853;32.86153846153846;0.11392235841806699;8.784549356223176;0.15293430009490191
Adaptação_200;Default_FullFeatures;10.0;30.0;1560;3950;11650;100;5;15600;3531.4;29.499830507987667;30.312446351931335;0.25321742925311236;3068.4;28.890136725187023;463.0;11.64474130240771;47.957692307692305;0.18910147761530555;26.338197424892705;0.2479840062247813
Adaptação_200;Default_FullFeatures;10.0;100.0;1560;3950;11650;100;5;15600;11650.0;0.0;100.0;0.0;10090.0;0.0;1560.0;0.0;100.0;0.0;86.60944206008584;0.0
Adaptação_25;Default_FullFeatures;0.0;1.0;0;3775;11300;100;5;15075;115.6;3.4409301068170506;1.0230088495575222;0.030450708909885396;115.6;3.4409301068170506;0.0;0.0;25.808291873963515;0.022825407010395028;1.023008849557522;0.030450708909885403
Adaptação_25;Default_FullFeatures;0.0;3.0;0;3775;11300;100;5;15075;330.6;7.088018058667739;2.9256637168141593;0.06272582352803317;330.6;7.088018058667739;0.0;0.0;27.234494195688228;0.0470183619148772;2.9256637168141593;0.06272582352803309
Adaptação_25;Default_FullFeatures;0.0;5.0;0;3775;11300;100;5;15075;566.4;8.114185110040317;5.012389380530974;0.07180694787646284;566.4;8.114185110040317;0.0;0.0;28.798673300165834;0.05382544019927242;5.012389380530974;0.07180694787646298
Adaptação_25;Default_FullFeatures;0.0;10.0;0;3775;11300;100;5;15075;1140.6;19.043108989868223;10.093805309734513;0.1685230884059132;1140.6;19.043108989868223;0.0;0.0;32.60762852404644;0.1263224476939849;10.093805309734512;0.16852308840591348
Adaptação_25;Default_FullFeatures;0.0;30.0;0;3775;11300;100;5;15075;3423.8;27.014070407844873;30.299115044247788;0.23906256998092773;3423.8;27.014070407844873;0.0;0.0;47.75323383084577;0.17919781365071227;30.299115044247788;0.2390625699809281
Adaptação_25;Default_FullFeatures;0.0;100.0;0;3775;11300;100;5;15075;11300.0;0.0;100.0;0.0;11300.0;0.0;0.0;0.0;100.0;0.0;100.0;0.0
Adaptação_25;Default_FullFeatures;1.0;1.0;151;3775;11300;100;5;15075;115.6;3.4409301068170506;1.0230088495575222;0.030450708909885396;114.0;3.847076812334269;1.6;1.3564659966250536;25.808291873963515;0.022825407010395028;1.008849557522124;0.03404492754278114
Adaptação_25;Default_FullFeatures;1.0;3.0;151;3775;11300;100;5;15075;330.6;7.088018058667739;2.9256637168141593;0.06272582352803317;325.8;7.573638491504595;4.8;1.8330302779823362;27.234494195688228;0.0470183619148772;2.8831858407079647;0.06702334948234155
Adaptação_25;Default_FullFeatures;1.0;5.0;151;3775;11300;100;5;15075;566.4;8.114185110040317;5.012389380530974;0.07180694787646284;558.8;7.984985911070852;7.6;1.624807680927192;28.798673300165834;0.05382544019927242;4.945132743362831;0.07066359213337037
Adaptação_25;Default_FullFeatures;1.0;10.0;151;3775;11300;100;5;15075;1140.6;19.043108989868223;10.093805309734513;0.1685230884059132;1122.8;20.30172406471923;17.8;2.85657137141714;32.60762852404644;0.1263224476939849;9.936283185840708;0.17966127490901973
Adaptação_25;Default_FullFeatures;1.0;30.0;151;3775;11300;100;5;15075;3423.8;27.014070407844873;30.299115044247788;0.23906256998092773;3374.4;24.137936945812083;49.4;5.885575587824865;47.75323383084577;0.17919781365071227;29.861946902654868;0.21361006146736358
Adaptação_25;Default_FullFeatures;1.0;100.0;151;3775;11300;100;5;15075;11300.0;0.0;100.0;0.0;11149.0;0.0;151.0;0.0;100.0;0.0;98.66371681415929;0.0
Adaptação_25;Default_FullFeatures;5.0;1.0;754;3775;11300;100;5;15075;115.6;3.4409301068170506;1.0230088495575222;0.030450708909885396;107.6;5.607138307550474;8.0;3.847076812334269;25.808291873963515;0.022825407010395028;0.952212389380531;0.04962069298717234
Adaptação_25;Default_FullFeatures;5.0;3.0;754;3775;11300;100;5;15075;330.6;7.088018058667739;2.9256637168141593;0.06272582352803317;311.6;9.54148835350125;19.0;5.019960159204453;27.234494195688228;0.0470183619148772;2.7575221238938057;0.08443795003098452
Adaptação_25;Default_FullFeatures;5.0;5.0;754;3775;11300;100;5;15075;566.4;8.114185110040317;5.012389380530974;0.07180694787646284;535.8;10.628264204469138;30.6;4.223742416388575;28.798673300165834;0.05382544019927242;4.741592920353981;0.09405543543777997
Adaptação_25;Default_FullFeatures;5.0;10.0;754;3775;11300;100;5;15075;1140.6;19.043108989868223;10.093805309734513;0.1685230884059132;1070.4;13.720058308913996;70.2;7.19444229944198;32.60762852404644;0.1263224476939849;9.472566371681417;0.1214164452116283
Adaptação_25;Default_FullFeatures;5.0;30.0;754;3775;11300;100;5;15075;3423.8;27.014070407844873;30.299115044247788;0.23906256998092773;3203.8;31.51126782596981;220.0;7.26636084983398;47.75323383084577;0.17919781365071227;28.35221238938053;0.27886077722097175
Adaptação_25;Default_FullFeatures;5.0;100.0;754;3775;11300;100;5;15075;11300.0;0.0;100.0;0.0;10546.0;0.0;754.0;0.0;100.0;0.0;93.32743362831859;0.0
Adaptação_25;Default_FullFeatures;10.0;1.0;1508;3775;11300;100;5;15075;115.6;3.4409301068170506;1.0230088495575222;0.030450708909885396;98.8;5.528109984434102;16.8;2.4;25.808291873963515;0.022825407010395028;0.8743362831858407;0.04892132729587701
Adaptação_25;Default_FullFeatures;10.0;3.0;1508;3775;11300;100;5;15075;330.6;7.088018058667739;2.9256637168141593;0.06272582352803317;285.8;10.303397497913007;44.8;4.069397989875161;27.234494195688228;0.0470183619148772;2.529203539823009;0.09118050883108855
Adaptação_25;Default_FullFeatures;10.0;5.0;1508;3775;11300;100;5;15075;566.4;8.114185110040317;5.012389380530974;0.07180694787646284;492.4;8.2365041127896;74.0;4.0;28.798673300165834;0.05382544019927242;4.357522123893805;0.07288941692734159
Adaptação_25;Default_FullFeatures;10.0;10.0;1508;3775;11300;100;5;15075;1140.6;19.043108989868223;10.093805309734513;0.1685230884059132;991.8;21.802752119858628;148.8;13.090454537562858;32.60762852404644;0.1263224476939849;8.776991150442479;0.1929447090252976
Adaptação_25;Default_FullFeatures;10.0;30.0;1508;3775;11300;100;5;15075;3423.8;27.014070407844873;30.299115044247788;0.23906256998092773;2975.6;24.77579463912308;448.2;12.319090875547595;47.75323383084577;0.17919781365071227;26.33274336283186;0.21925481981524853
Adaptação_25;Default_FullFeatures;10.0;100.0;1508;3775;11300;100;5;15075;11300.0;0.0;100.0;0.0;9792.0;0.0;1508.0;0.0;100.0;0.0;86.65486725663717;0.0
Consistência_1000;Default_FullFeatures;0.0;1.0;0;4750;13250;100;5;18000;131.6;3.4409301068170506;0.9932075471698114;0.02596928382503434;131.6;3.4409301068170506;0.0;0.0;27.120000000000005;0.019116278371205834;0.9932075471698113;0.025969283825034342
Consistência_1000;Default_FullFeatures;0.0;3.0;0;4750;13250;100;5;18000;383.0;5.796550698475776;2.890566037735849;0.043747552441326644;383.0;5.796550698475776;0.0;0.0;28.516666666666666;0.03220305943597653;2.890566037735849;0.04374755244132661
Consistência_1000;Default_FullFeatures;0.0;5.0;0;4750;13250;100;5;18000;654.0;8.17312669668102;4.935849056603773;0.06168397506929073;654.0;8.17312669668102;0.0;0.0;30.022222222222222;0.045406259426005666;4.935849056603773;0.061683975069290714
Consistência_1000;Default_FullFeatures;0.0;10.0;0;4750;13250;100;5;18000;1326.2;23.361506800718143;10.009056603773583;0.17631325887334529;1326.2;23.361506800718143;0.0;0.0;33.75666666666667;0.12978614889287857;10.009056603773585;0.17631325887334448
Consistência_1000;Default_FullFeatures;0.0;30.0;0;4750;13250;100;5;18000;4013.4;29.34348309250284;30.289811320754723;0.2214602497547388;4013.4;29.34348309250284;0.0;0.0;48.68555555555555;0.16301935051390465;30.289811320754715;0.2214602497547384
Consistência_1000;Default_FullFeatures;0.0;100.0;0;4750;13250;100;5;18000;13250.0;0.0;100.0;0.0;13250.0;0.0;0.0;0.0;100.0;0.0;100.0;0.0
Consistência_1000;Default_FullFeatures;1.0;1.0;180;4750;13250;100;5;18000;131.6;3.4409301068170506;0.9932075471698114;0.02596928382503434;128.6;3.4409301068170506;3.0;0.0;27.120000000000005;0.019116278371205834;0.970566037735849;0.025969283825034342
Consistência_1000;Default_FullFeatures;1.0;3.0;180;4750;13250;100;5;18000;383.0;5.796550698475776;2.890566037735849;0.043747552441326644;377.2;7.413501197140255;5.8;1.7204650534085253;28.516666666666666;0.03220305943597653;2.8467924528301887;0.0559509524312472
Consistência_1000;Default_FullFeatures;1.0;5.0;180;4750;13250;100;5;18000;654.0;8.17312669668102;4.935849056603773;0.06168397506929073;645.0;8.78635305459552;9.0;2.3664319132398464;30.022222222222222;0.045406259426005666;4.867924528301887;0.0663120985252492
Consistência_1000;Default_FullFeatures;1.0;10.0;180;4750;13250;100;5;18000;1326.2;23.361506800718143;10.009056603773583;0.17631325887334529;1309.2;21.78439808670416;17.0;3.8987177379235853;33.75666666666667;0.12978614889287857;9.880754716981132;0.16441055159776727
Consistência_1000;Default_FullFeatures;1.0;30.0;180;4750;13250;100;5;18000;4013.4;29.34348309250284;30.289811320754723;0.2214602497547388;3956.6;28.309715646752792;56.8;6.4621977685614045;48.68555555555555;0.16301935051390465;29.861132075471698;0.2136582312962475
Consistência_1000;Default_FullFeatures;1.0;100.0;180;4750;13250;100;5;18000;13250.0;0.0;100.0;0.0;13070.0;0.0;180.0;0.0;100.0;0.0;98.64150943396227;0.0
Consistência_1000;Default_FullFeatures;5.0;1.0;900;4750;13250;100;5;18000;131.6;3.4409301068170506;0.9932075471698114;0.02596928382503434;123.0;3.3466401061363023;8.6;1.8547236990991407;27.120000000000005;0.019116278371205834;0.9283018867924528;0.025257661178387188
Consistência_1000;Default_FullFeatures;5.0;3.0;900;4750;13250;100;5;18000;383.0;5.796550698475776;2.890566037735849;0.043747552441326644;358.4;7.227724399837061;24.6;2.244994432064365;28.516666666666666;0.03220305943597653;2.7049056603773587;0.054548863394996684
Consistência_1000;Default_FullFeatures;5.0;5.0;900;4750;13250;100;5;18000;654.0;8.17312669668102;4.935849056603773;0.06168397506929073;614.0;6.985699678629192;40.0;4.381780460041329;30.022222222222222;0.045406259426005666;4.633962264150943;0.052722261725503344
Consistência_1000;Default_FullFeatures;5.0;10.0;900;4750;13250;100;5;18000;1326.2;23.361506800718143;10.009056603773583;0.17631325887334529;1238.8;21.08459153030952;87.4;9.76933979345585;33.75666666666667;0.12978614889287857;9.34943396226415;0.1591289926815813
Consistência_1000;Default_FullFeatures;5.0;30.0;900;4750;13250;100;5;18000;4013.4;29.34348309250284;30.289811320754723;0.2214602497547388;3742.2;24.235511135521776;271.2;10.870142593360953;48.68555555555555;0.16301935051390465;28.24301886792453;0.18290951800393793
Consistência_1000;Default_FullFeatures;5.0;100.0;900;4750;13250;100;5;18000;13250.0;0.0;100.0;0.0;12350.0;0.0;900.0;0.0;100.0;0.0;93.20754716981132;0.0
Consistência_1000;Default_FullFeatures;10.0;1.0;1800;4750;13250;100;5;18000;131.6;3.4409301068170506;0.9932075471698114;0.02596928382503434;117.2;3.059411708155671;14.4;3.2;27.120000000000005;0.019116278371205834;0.8845283018867924;0.023089899684193744
Consistência_1000;Default_FullFeatures;10.0;3.0;1800;4750;13250;100;5;18000;383.0;5.796550698475776;2.890566037735849;0.043747552441326644;335.4;7.282856582413249;47.6;4.963869458396342;28.516666666666666;0.03220305943597653;2.531320754716981;0.05496495533896791
Consistência_1000;Default_FullFeatures;10.0;5.0;1800;4750;13250;100;5;18000;654.0;8.17312669668102;4.935849056603773;0.06168397506929073;573.2;8.23164625090267;80.8;7.0823724838503095;30.022222222222222;0.045406259426005666;4.326037735849057;0.062125632082284304
Consistência_1000;Default_FullFeatures;10.0;10.0;1800;4750;13250;100;5;18000;1326.2;23.361506800718143;10.009056603773583;0.17631325887334529;1154.6;18.682612237050794;171.6;8.089499366462675;33.75666666666667;0.12978614889287857;8.713962264150942;0.14100084707208146
Consistência_1000;Default_FullFeatures;10.0;30.0;1800;4750;13250;100;5;18000;4013.4;29.34348309250284;30.289811320754723;0.2214602497547388;3467.6;26.33324894501246;545.8;8.133879763065101;48.68555555555555;0.16301935051390465;26.17056603773585;0.19874150147179215
Consistência_1000;Default_FullFeatures;10.0;100.0;1800;4750;13250;100;5;18000;13250.0;0.0;100.0;0.0;11450.0;0.0;1800.0;0.0;100.0;0.0;86.41509433962264;0.0
Consistência_200;Default_FullFeatures;0.0;1.0;0;3950;11650;100;5;15600;118.6;1.8547236990991407;1.0180257510729613;0.015920375099563507;118.6;1.8547236990991407;0.0;0.0;26.08076923076923;0.011889254481404748;1.0180257510729613;0.01592037509956344
Consistência_200;Default_FullFeatures;0.0;3.0;0;3950;11650;100;5;15600;340.8;6.554387843269575;2.925321888412017;0.05626083985639126;340.8;6.554387843269575;0.0;0.0;27.505128205128205;0.04201530668762548;2.925321888412017;0.0562608398563912
Consistência_200;Default_FullFeatures;0.0;5.0;0;3950;11650;100;5;15600;582.6;6.711184694225007;5.0008583690987125;0.05760673557274671;582.6;6.711184694225007;0.0;0.0;29.05512820512821;0.04302041470657055;5.0008583690987125;0.057606735572746835
Consistência_200;Default_FullFeatures;0.0;10.0;0;3950;11650;100;5;15600;1176.4;17.77188791321845;10.097854077253219;0.15254839410487897;1176.4;17.77188791321845;0.0;0.0;32.86153846153846;0.11392235841806699;10.09785407725322;0.1525483941048794
Consistência_200;Default_FullFeatures;0.0;30.0;0;3950;11650;100;5;15600;3531.4;29.499830507987667;30.312446351931335;0.25321742925311236;3531.4;29.499830507987667;0.0;0.0;47.957692307692305;0.18910147761530555;30.31244635193133;0.253217429253113
Consistência_200;Default_FullFeatures;0.0;100.0;0;3950;11650;100;5;15600;11650.0;0.0;100.0;0.0;11650.0;0.0;0.0;0.0;100.0;0.0;100.0;0.0
Consistência_200;Default_FullFeatures;1.0;1.0;156;3950;11650;100;5;15600;118.6;1.8547236990991407;1.0180257510729613;0.015920375099563507;117.4;2.8705400188814645;1.2;1.1661903789690602;26.08076923076923;0.011889254481404748;1.007725321888412;0.024639828488252913
Consistência_200;Default_FullFeatures;1.0;3.0;156;3950;11650;100;5;15600;340.8;6.554387843269575;2.925321888412017;0.05626083985639126;337.4;6.651315659326356;3.4;0.8;27.505128205128205;0.04201530668762548;2.896137339055794;0.05709283827747945
Consistência_200;Default_FullFeatures;1.0;5.0;156;3950;11650;100;5;15600;582.6;6.711184694225007;5.0008583690987125;0.05760673557274671;575.6;8.01498596380555;7.0;2.3664319132398464;29.05512820512821;0.04302041470657055;4.940772532188841;0.06879816277944678
Consistência_200;Default_FullFeatures;1.0;10.0;156;3950;11650;100;5;15600;1176.4;17.77188791321845;10.097854077253219;0.15254839410487897;1160.0;16.661332479726823;16.4;3.1368774282716245;32.86153846153846;0.11392235841806699;9.957081545064378;0.14301572943971522
Consistência_200;Default_FullFeatures;1.0;30.0;156;3950;11650;100;5;15600;3531.4;29.499830507987667;30.312446351931335;0.25321742925311236;3482.0;28.049955436684744;49.4;3.9799497484264794;47.957692307692305;0.18910147761530555;29.888412017167383;0.24077214967111368
Consistência_200;Default_FullFeatures;1.0;100.0;156;3950;11650;100;5;15600;11650.0;0.0;100.0;0.0;11494.0;0.0;156.0;0.0;100.0;0.0;98.66094420600858;0.0
Consistência_200;Default_FullFeatures;5.0;1.0;780;3950;11650;100;5;15600;118.6;1.8547236990991407;1.0180257510729613;0.015920375099563507;111.2;5.635601121442148;7.4;4.586937976471886;26.08076923076923;0.011889254481404748;0.9545064377682403;0.048374258553151486
Consistência_200;Default_FullFeatures;5.0;3.0;780;3950;11650;100;5;15600;340.8;6.554387843269575;2.925321888412017;0.05626083985639126;319.6;9.32952303175248;21.2;2.9257477676655586;27.505128205128205;0.04201530668762548;2.7433476394849787;0.08008174276182385
Consistência_200;Default_FullFeatures;5.0;5.0;780;3950;11650;100;5;15600;582.6;6.711184694225007;5.0008583690987125;0.05760673557274671;550.0;10.198039027185569;32.6;3.878143885933063;29.05512820512821;0.04302041470657055;4.721030042918455;0.0875368156839963
Consistência_200;Default_FullFeatures;5.0;10.0;780;3950;11650;100;5;15600;1176.4;17.77188791321845;10.097854077253219;0.15254839410487897;1101.6;18.456435192094922;74.8;3.9698866482558417;32.86153846153846;0.11392235841806699;9.455793991416307;0.15842433641283196
Consistência_200;Default_FullFeatures;5.0;30.0;780;3950;11650;100;5;15600;3531.4;29.499830507987667;30.312446351931335;0.25321742925311236;3298.0;30.809089567853185;233.4;10.365326815879952;47.957692307692305;0.18910147761530555;28.30901287553648;0.2644557044450917
Consistência_200;Default_FullFeatures;5.0;100.0;780;3950;11650;100;5;15600;11650.0;0.0;100.0;0.0;10870.0;0.0;780.0;0.0;100.0;0.0;93.30472103004291;0.0
Consistência_200;Default_FullFeatures;10.0;1.0;1560;3950;11650;100;5;15600;118.6;1.8547236990991407;1.0180257510729613;0.015920375099563507;102.6;4.715930449020639;16.0;3.40587727318528;26.08076923076923;0.011889254481404748;0.8806866952789699;0.04048008969116428
Consistência_200;Default_FullFeatures;10.0;3.0;1560;3950;11650;100;5;15600;340.8;6.554387843269575;2.925321888412017;0.05626083985639126;295.8;8.280096617793781;45.0;3.22490309931942;27.505128205128205;0.04201530668762548;2.5390557939914165;0.07107379071067624
Consistência_200;Default_FullFeatures;10.0;5.0;1560;3950;11650;100;5;15600;582.6;6.711184694225007;5.0008583690987125;0.05760673557274671;511.2;7.833262411026455;71.4;2.33238075793812;29.05512820512821;0.04302041470657055;4.387982832618026;0.06723830395730863
Consistência_200;Default_FullFeatures;10.0;10.0;1560;3950;11650;100;5;15600;1176.4;17.77188791321845;10.097854077253219;0.15254839410487897;1023.4;17.81684596105607;153.0;3.8987177379235853;32.86153846153846;0.11392235841806699;8.784549356223176;0.15293430009490191
Consistência_200;Default_FullFeatures;10.0;30.0;1560;3950;11650;100;5;15600;3531.4;29.499830507987667;30.312446351931335;0.25321742925311236;3068.4;28.890136725187023;463.0;11.64474130240771;47.957692307692305;0.18910147761530555;26.338197424892705;0.2479840062247813
Consistência_200;Default_FullFeatures;10.0;100.0;1560;3950;11650;100;5;15600;11650.0;0.0;100.0;0.0;10090.0;0.0;1560.0;0.0;100.0;0.0;86.60944206008584;0.0
Consistência_25;Default_FullFeatures;0.0;1.0;0;3775;11300;100;5;15075;115.6;3.4409301068170506;1.0230088495575222;0.030450708909885396;115.6;3.4409301068170506;0.0;0.0;25.808291873963515;0.022825407010395028;1.023008849557522;0.030450708909885403
Consistência_25;Default_FullFeatures;0.0;3.0;0;3775;11300;100;5;15075;330.6;7.088018058667739;2.9256637168141593;0.06272582352803317;330.6;7.088018058667739;0.0;0.0;27.234494195688228;0.0470183619148772;2.9256637168141593;0.06272582352803309
Consistência_25;Default_FullFeatures;0.0;5.0;0;3775;11300;100;5;15075;566.4;8.114185110040317;5.012389380530974;0.07180694787646284;566.4;8.114185110040317;0.0;0.0;28.798673300165834;0.05382544019927242;5.012389380530974;0.07180694787646298
Consistência_25;Default_FullFeatures;0.0;10.0;0;3775;11300;100;5;15075;1140.6;19.043108989868223;10.093805309734513;0.1685230884059132;1140.6;19.043108989868223;0.0;0.0;32.60762852404644;0.1263224476939849;10.093805309734512;0.16852308840591348
Consistência_25;Default_FullFeatures;0.0;30.0;0;3775;11300;100;5;15075;3423.8;27.014070407844873;30.299115044247788;0.23906256998092773;3423.8;27.014070407844873;0.0;0.0;47.75323383084577;0.17919781365071227;30.299115044247788;0.2390625699809281
Consistência_25;Default_FullFeatures;0.0;100.0;0;3775;11300;100;5;15075;11300.0;0.0;100.0;0.0;11300.0;0.0;0.0;0.0;100.0;0.0;100.0;0.0
Consistência_25;Default_FullFeatures;1.0;1.0;151;3775;11300;100;5;15075;115.6;3.4409301068170506;1.0230088495575222;0.030450708909885396;114.0;3.847076812334269;1.6;1.3564659966250536;25.808291873963515;0.022825407010395028;1.008849557522124;0.03404492754278114
Consistência_25;Default_FullFeatures;1.0;3.0;151;3775;11300;100;5;15075;330.6;7.088018058667739;2.9256637168141593;0.06272582352803317;325.8;7.573638491504595;4.8;1.8330302779823362;27.234494195688228;0.0470183619148772;2.8831858407079647;0.06702334948234155
Consistência_25;Default_FullFeatures;1.0;5.0;151;3775;11300;100;5;15075;566.4;8.114185110040317;5.012389380530974;0.07180694787646284;558.8;7.984985911070852;7.6;1.624807680927192;28.798673300165834;0.05382544019927242;4.945132743362831;0.07066359213337037
Consistência_25;Default_FullFeatures;1.0;10.0;151;3775;11300;100;5;15075;1140.6;19.043108989868223;10.093805309734513;0.1685230884059132;1122.8;20.30172406471923;17.8;2.85657137141714;32.60762852404644;0.1263224476939849;9.936283185840708;0.17966127490901973
Consistência_25;Default_FullFeatures;1.0;30.0;151;3775;11300;100;5;15075;3423.8;27.014070407844873;30.299115044247788;0.23906256998092773;3374.4;24.137936945812083;49.4;5.885575587824865;47.75323383084577;0.17919781365071227;29.861946902654868;0.21361006146736358
Consistência_25;Default_FullFeatures;1.0;100.0;151;3775;11300;100;5;15075;11300.0;0.0;100.0;0.0;11149.0;0.0;151.0;0.0;100.0;0.0;98.66371681415929;0.0
Consistência_25;Default_FullFeatures;5.0;1.0;754;3775;11300;100;5;15075;115.6;3.4409301068170506;1.0230088495575222;0.030450708909885396;107.6;5.607138307550474;8.0;3.847076812334269;25.808291873963515;0.022825407010395028;0.952212389380531;0.04962069298717234
Consistência_25;Default_FullFeatures;5.0;3.0;754;3775;11300;100;5;15075;330.6;7.088018058667739;2.9256637168141593;0.06272582352803317;311.6;9.54148835350125;19.0;5.019960159204453;27.234494195688228;0.0470183619148772;2.7575221238938057;0.08443795003098452
Consistência_25;Default_FullFeatures;5.0;5.0;754;3775;11300;100;5;15075;566.4;8.114185110040317;5.012389380530974;0.07180694787646284;535.8;10.628264204469138;30.6;4.223742416388575;28.798673300165834;0.05382544019927242;4.741592920353981;0.09405543543777997
Consistência_25;Default_FullFeatures;5.0;10.0;754;3775;11300;100;5;15075;1140.6;19.043108989868223;10.093805309734513;0.1685230884059132;1070.4;13.720058308913996;70.2;7.19444229944198;32.60762852404644;0.1263224476939849;9.472566371681417;0.1214164452116283
Consistência_25;Default_FullFeatures;5.0;30.0;754;3775;11300;100;5;15075;3423.8;27.014070407844873;30.299115044247788;0.23906256998092773;3203.8;31.51126782596981;220.0;7.26636084983398;47.75323383084577;0.17919781365071227;28.35221238938053;0.27886077722097175
Consistência_25;Default_FullFeatures;5.0;100.0;754;3775;11300;100;5;15075;11300.0;0.0;100.0;0.0;10546.0;0.0;754.0;0.0;100.0;0.0;93.32743362831859;0.0
Consistência_25;Default_FullFeatures;10.0;1.0;1508;3775;11300;100;5;15075;115.6;3.4409301068170506;1.0230088495575222;0.030450708909885396;98.8;5.528109984434102;16.8;2.4;25.808291873963515;0.022825407010395028;0.8743362831858407;0.04892132729587701
Consistência_25;Default_FullFeatures;10.0;3.0;1508;3775;11300;100;5;15075;330.6;7.088018058667739;2.9256637168141593;0.06272582352803317;285.8;10.303397497913007;44.8;4.069397989875161;27.234494195688228;0.0470183619148772;2.529203539823009;0.09118050883108855
Consistência_25;Default_FullFeatures;10.0;5.0;1508;3775;11300;100;5;15075;566.4;8.114185110040317;5.012389380530974;0.07180694787646284;492.4;8.2365041127896;74.0;4.0;28.798673300165834;0.05382544019927242;4.357522123893805;0.07288941692734159
Consistência_25;Default_FullFeatures;10.0;10.0;1508;3775;11300;100;5;15075;1140.6;19.043108989868223;10.093805309734513;0.1685230884059132;991.8;21.802752119858628;148.8;13.090454537562858;32.60762852404644;0.1263224476939849;8.776991150442479;0.1929447090252976
Consistência_25;Default_FullFeatures;10.0;30.0;1508;3775;11300;100;5;15075;3423.8;27.014070407844873;30.299115044247788;0.23906256998092773;2975.6;24.77579463912308;448.2;12.319090875547595;47.75323383084577;0.17919781365071227;26.33274336283186;0.21925481981524853
Consistência_25;Default_FullFeatures;10.0;100.0;1508;3775;11300;100;5;15075;11300.0;0.0;100.0;0.0;9792.0;0.0;1508.0;0.0;100.0;0.0;86.65486725663717;0.0
Generalização_1000;Default_FullFeatures;0.0;1.0;0;4750;13250;100;5;18000;131.6;3.4409301068170506;0.9932075471698114;0.02596928382503434;131.6;3.4409301068170506;0.0;0.0;27.120000000000005;0.019116278371205834;0.9932075471698113;0.025969283825034342
Generalização_1000;Default_FullFeatures;0.0;3.0;0;4750;13250;100;5;18000;383.0;5.796550698475776;2.890566037735849;0.043747552441326644;383.0;5.796550698475776;0.0;0.0;28.516666666666666;0.03220305943597653;2.890566037735849;0.04374755244132661
Generalização_1000;Default_FullFeatures;0.0;5.0;0;4750;13250;100;5;18000;654.0;8.17312669668102;4.935849056603773;0.06168397506929073;654.0;8.17312669668102;0.0;0.0;30.022222222222222;0.045406259426005666;4.935849056603773;0.061683975069290714
Generalização_1000;Default_FullFeatures;0.0;10.0;0;4750;13250;100;5;18000;1326.2;23.361506800718143;10.009056603773583;0.17631325887334529;1326.2;23.361506800718143;0.0;0.0;33.75666666666667;0.12978614889287857;10.009056603773585;0.17631325887334448
Generalização_1000;Default_FullFeatures;0.0;30.0;0;4750;13250;100;5;18000;4013.4;29.34348309250284;30.289811320754723;0.2214602497547388;4013.4;29.34348309250284;0.0;0.0;48.68555555555555;0.16301935051390465;30.289811320754715;0.2214602497547384
Generalização_1000;Default_FullFeatures;0.0;100.0;0;4750;13250;100;5;18000;13250.0;0.0;100.0;0.0;13250.0;0.0;0.0;0.0;100.0;0.0;100.0;0.0
Generalização_1000;Default_FullFeatures;1.0;1.0;180;4750;13250;100;5;18000;131.6;3.4409301068170506;0.9932075471698114;0.02596928382503434;128.6;3.4409301068170506;3.0;0.0;27.120000000000005;0.019116278371205834;0.970566037735849;0.025969283825034342
Generalização_1000;Default_FullFeatures;1.0;3.0;180;4750;13250;100;5;18000;383.0;5.796550698475776;2.890566037735849;0.043747552441326644;377.2;7.413501197140255;5.8;1.7204650534085253;28.516666666666666;0.03220305943597653;2.8467924528301887;0.0559509524312472
Generalização_1000;Default_FullFeatures;1.0;5.0;180;4750;13250;100;5;18000;654.0;8.17312669668102;4.935849056603773;0.06168397506929073;645.0;8.78635305459552;9.0;2.3664319132398464;30.022222222222222;0.045406259426005666;4.867924528301887;0.0663120985252492
Generalização_1000;Default_FullFeatures;1.0;10.0;180;4750;13250;100;5;18000;1326.2;23.361506800718143;10.009056603773583;0.17631325887334529;1309.2;21.78439808670416;17.0;3.8987177379235853;33.75666666666667;0.12978614889287857;9.880754716981132;0.16441055159776727
Generalização_1000;Default_FullFeatures;1.0;30.0;180;4750;13250;100;5;18000;4013.4;29.34348309250284;30.289811320754723;0.2214602497547388;3956.6;28.309715646752792;56.8;6.4621977685614045;48.68555555555555;0.16301935051390465;29.861132075471698;0.2136582312962475
Generalização_1000;Default_FullFeatures;1.0;100.0;180;4750;13250;100;5;18000;13250.0;0.0;100.0;0.0;13070.0;0.0;180.0;0.0;100.0;0.0;98.64150943396227;0.0
Generalização_1000;Default_FullFeatures;5.0;1.0;900;4750;13250;100;5;18000;131.6;3.4409301068170506;0.9932075471698114;0.02596928382503434;123.0;3.3466401061363023;8.6;1.8547236990991407;27.120000000000005;0.019116278371205834;0.9283018867924528;0.025257661178387188
Generalização_1000;Default_FullFeatures;5.0;3.0;900;4750;13250;100;5;18000;383.0;5.796550698475776;2.890566037735849;0.043747552441326644;358.4;7.227724399837061;24.6;2.244994432064365;28.516666666666666;0.03220305943597653;2.7049056603773587;0.054548863394996684
Generalização_1000;Default_FullFeatures;5.0;5.0;900;4750;13250;100;5;18000;654.0;8.17312669668102;4.935849056603773;0.06168397506929073;614.0;6.985699678629192;40.0;4.381780460041329;30.022222222222222;0.045406259426005666;4.633962264150943;0.052722261725503344
Generalização_1000;Default_FullFeatures;5.0;10.0;900;4750;13250;100;5;18000;1326.2;23.361506800718143;10.009056603773583;0.17631325887334529;1238.8;21.08459153030952;87.4;9.76933979345585;33.75666666666667;0.12978614889287857;9.34943396226415;0.1591289926815813
Generalização_1000;Default_FullFeatures;5.0;30.0;900;4750;13250;100;5;18000;4013.4;29.34348309250284;30.289811320754723;0.2214602497547388;3742.2;24.235511135521776;271.2;10.870142593360953;48.68555555555555;0.16301935051390465;28.24301886792453;0.18290951800393793
Generalização_1000;Default_FullFeatures;5.0;100.0;900;4750;13250;100;5;18000;13250.0;0.0;100.0;0.0;12350.0;0.0;900.0;0.0;100.0;0.0;93.20754716981132;0.0
Generalização_1000;Default_FullFeatures;10.0;1.0;1800;4750;13250;100;5;18000;131.6;3.4409301068170506;0.9932075471698114;0.02596928382503434;117.2;3.059411708155671;14.4;3.2;27.120000000000005;0.019116278371205834;0.8845283018867924;0.023089899684193744
Generalização_1000;Default_FullFeatures;10.0;3.0;1800;4750;13250;100;5;18000;383.0;5.796550698475776;2.890566037735849;0.043747552441326644;335.4;7.282856582413249;47.6;4.963869458396342;28.516666666666666;0.03220305943597653;2.531320754716981;0.05496495533896791
Generalização_1000;Default_FullFeatures;10.0;5.0;1800;4750;13250;100;5;18000;654.0;8.17312669668102;4.935849056603773;0.06168397506929073;573.2;8.23164625090267;80.8;7.0823724838503095;30.022222222222222;0.045406259426005666;4.326037735849057;0.062125632082284304
Generalização_1000;Default_FullFeatures;10.0;10.0;1800;4750;13250;100;5;18000;1326.2;23.361506800718143;10.009056603773583;0.17631325887334529;1154.6;18.682612237050794;171.6;8.089499366462675;33.75666666666667;0.12978614889287857;8.713962264150942;0.14100084707208146
Generalização_1000;Default_FullFeatures;10.0;30.0;1800;4750;13250;100;5;18000;4013.4;29.34348309250284;30.289811320754723;0.2214602497547388;3467.6;26.33324894501246;545.8;8.133879763065101;48.68555555555555;0.16301935051390465;26.17056603773585;0.19874150147179215
Generalização_1000;Default_FullFeatures;10.0;100.0;1800;4750;13250;100;5;18000;13250.0;0.0;100.0;0.0;11450.0;0.0;1800.0;0.0;100.0;0.0;86.41509433962264;0.0
Generalização_200;Default_FullFeatures;0.0;1.0;0;3950;11650;100;5;15600;118.6;1.8547236990991407;1.0180257510729613;0.015920375099563507;118.6;1.8547236990991407;0.0;0.0;26.08076923076923;0.011889254481404748;1.0180257510729613;0.01592037509956344
Generalização_200;Default_FullFeatures;0.0;3.0;0;3950;11650;100;5;15600;340.8;6.554387843269575;2.925321888412017;0.05626083985639126;340.8;6.554387843269575;0.0;0.0;27.505128205128205;0.04201530668762548;2.925321888412017;0.0562608398563912
Generalização_200;Default_FullFeatures;0.0;5.0;0;3950;11650;100;5;15600;582.6;6.711184694225007;5.0008583690987125;0.05760673557274671;582.6;6.711184694225007;0.0;0.0;29.05512820512821;0.04302041470657055;5.0008583690987125;0.057606735572746835
Generalização_200;Default_FullFeatures;0.0;10.0;0;3950;11650;100;5;15600;1176.4;17.77188791321845;10.097854077253219;0.15254839410487897;1176.4;17.77188791321845;0.0;0.0;32.86153846153846;0.11392235841806699;10.09785407725322;0.1525483941048794
Generalização_200;Default_FullFeatures;0.0;30.0;0;3950;11650;100;5;15600;3531.4;29.499830507987667;30.312446351931335;0.25321742925311236;3531.4;29.499830507987667;0.0;0.0;47.957692307692305;0.18910147761530555;30.31244635193133;0.253217429253113
Generalização_200;Default_FullFeatures;0.0;100.0;0;3950;11650;100;5;15600;11650.0;0.0;100.0;0.0;11650.0;0.0;0.0;0.0;100.0;0.0;100.0;0.0
Generalização_200;Default_FullFeatures;1.0;1.0;156;3950;11650;100;5;15600;118.6;1.8547236990991407;1.0180257510729613;0.015920375099563507;117.4;2.8705400188814645;1.2;1.1661903789690602;26.08076923076923;0.011889254481404748;1.007725321888412;0.024639828488252913
Generalização_200;Default_FullFeatures;1.0;3.0;156;3950;11650;100;5;15600;340.8;6.554387843269575;2.925321888412017;0.05626083985639126;337.4;6.651315659326356;3.4;0.8;27.505128205128205;0.04201530668762548;2.896137339055794;0.05709283827747945
Generalização_200;Default_FullFeatures;1.0;5.0;156;3950;11650;100;5;15600;582.6;6.711184694225007;5.0008583690987125;0.05760673557274671;575.6;8.01498596380555;7.0;2.3664319132398464;29.05512820512821;0.04302041470657055;4.940772532188841;0.06879816277944678
Generalização_200;Default_FullFeatures;1.0;10.0;156;3950;11650;100;5;15600;1176.4;17.77188791321845;10.097854077253219;0.15254839410487897;1160.0;16.661332479726823;16.4;3.1368774282716245;32.86153846153846;0.11392235841806699;9.957081545064378;0.14301572943971522
Generalização_200;Default_FullFeatures;1.0;30.0;156;3950;11650;100;5;15600;3531.4;29.499830507987667;30.312446351931335;0.25321742925311236;3482.0;28.049955436684744;49.4;3.9799497484264794;47.957692307692305;0.18910147761530555;29.888412017167383;0.24077214967111368
Generalização_200;Default_FullFeatures;1.0;100.0;156;3950;11650;100;5;15600;11650.0;0.0;100.0;0.0;11494.0;0.0;156.0;0.0;100.0;0.0;98.66094420600858;0.0
Generalização_200;Default_FullFeatures;5.0;1.0;780;3950;11650;100;5;15600;118.6;1.8547236990991407;1.0180257510729613;0.015920375099563507;111.2;5.635601121442148;7.4;4.586937976471886;26.08076923076923;0.011889254481404748;0.9545064377682403;0.048374258553151486
Generalização_200;Default_FullFeatures;5.0;3.0;780;3950;11650;100;5;15600;340.8;6.554387843269575;2.925321888412017;0.05626083985639126;319.6;9.32952303175248;21.2;2.9257477676655586;27.505128205128205;0.04201530668762548;2.7433476394849787;0.08008174276182385
Generalização_200;Default_FullFeatures;5.0;5.0;780;3950;11650;100;5;15600;582.6;6.711184694225007;5.0008583690987125;0.05760673557274671;550.0;10.198039027185569;32.6;3.878143885933063;29.05512820512821;0.04302041470657055;4.721030042918455;0.0875368156839963
Generalização_200;Default_FullFeatures;5.0;10.0;780;3950;11650;100;5;15600;1176.4;17.77188791321845;10.097854077253219;0.15254839410487897;1101.6;18.456435192094922;74.8;3.9698866482558417;32.86153846153846;0.11392235841806699;9.455793991416307;0.15842433641283196
Generalização_200;Default_FullFeatures;5.0;30.0;780;3950;11650;100;5;15600;3531.4;29.499830507987667;30.312446351931335;0.25321742925311236;3298.0;30.809089567853185;233.4;10.365326815879952;47.957692307692305;0.18910147761530555;28.30901287553648;0.2644557044450917
Generalização_200;Default_FullFeatures;5.0;100.0;780;3950;11650;100;5;15600;11650.0;0.0;100.0;0.0;10870.0;0.0;780.0;0.0;100.0;0.0;93.30472103004291;0.0
Generalização_200;Default_FullFeatures;10.0;1.0;1560;3950;11650;100;5;15600;118.6;1.8547236990991407;1.0180257510729613;0.015920375099563507;102.6;4.715930449020639;16.0;3.40587727318528;26.08076923076923;0.011889254481404748;0.8806866952789699;0.04048008969116428
Generalização_200;Default_FullFeatures;10.0;3.0;1560;3950;11650;100;5;15600;340.8;6.554387843269575;2.925321888412017;0.05626083985639126;295.8;8.280096617793781;45.0;3.22490309931942;27.505128205128205;0.04201530668762548;2.5390557939914165;0.07107379071067624
Generalização_200;Default_FullFeatures;10.0;5.0;1560;3950;11650;100;5;15600;582.6;6.711184694225007;5.0008583690987125;0.05760673557274671;511.2;7.833262411026455;71.4;2.33238075793812;29.05512820512821;0.04302041470657055;4.387982832618026;0.06723830395730863
Generalização_200;Default_FullFeatures;10.0;10.0;1560;3950;11650;100;5;15600;1176.4;17.77188791321845;10.097854077253219;0.15254839410487897;1023.4;17.81684596105607;153.0;3.8987177379235853;32.86153846153846;0.11392235841806699;8.784549356223176;0.15293430009490191
Generalização_200;Default_FullFeatures;10.0;30.0;1560;3950;11650;100;5;15600;3531.4;29.499830507987667;30.312446351931335;0.25321742925311236;3068.4;28.890136725187023;463.0;11.64474130240771;47.957692307692305;0.18910147761530555;26.338197424892705;0.2479840062247813
Generalização_200;Default_FullFeatures;10.0;100.0;1560;3950;11650;100;5;15600;11650.0;0.0;100.0;0.0;10090.0;0.0;1560.0;0.0;100.0;0.0;86.60944206008584;0.0
Generalização_25;Default_FullFeatures;0.0;1.0;0;3775;11300;100;5;15075;115.6;3.4409301068170506;1.0230088495575222;0.030450708909885396;115.6;3.4409301068170506;0.0;0.0;25.808291873963515;0.022825407010395028;1.023008849557522;0.030450708909885403
Generalização_25;Default_FullFeatures;0.0;3.0;0;3775;11300;100;5;15075;330.6;7.088018058667739;2.9256637168141593;0.06272582352803317;330.6;7.088018058667739;0.0;0.0;27.234494195688228;0.0470183619148772;2.9256637168141593;0.06272582352803309
Generalização_25;Default_FullFeatures;0.0;5.0;0;3775;11300;100;5;15075;566.4;8.114185110040317;5.012389380530974;0.07180694787646284;566.4;8.114185110040317;0.0;0.0;28.798673300165834;0.05382544019927242;5.012389380530974;0.07180694787646298
Generalização_25;Default_FullFeatures;0.0;10.0;0;3775;11300;100;5;15075;1140.6;19.043108989868223;10.093805309734513;0.1685230884059132;1140.6;19.043108989868223;0.0;0.0;32.60762852404644;0.1263224476939849;10.093805309734512;0.16852308840591348
Generalização_25;Default_FullFeatures;0.0;30.0;0;3775;11300;100;5;15075;3423.8;27.014070407844873;30.299115044247788;0.23906256998092773;3423.8;27.014070407844873;0.0;0.0;47.75323383084577;0.17919781365071227;30.299115044247788;0.2390625699809281
Generalização_25;Default_FullFeatures;0.0;100.0;0;3775;11300;100;5;15075;11300.0;0.0;100.0;0.0;11300.0;0.0;0.0;0.0;100.0;0.0;100.0;0.0
Generalização_25;Default_FullFeatures;1.0;1.0;151;3775;11300;100;5;15075;115.6;3.4409301068170506;1.0230088495575222;0.030450708909885396;114.0;3.847076812334269;1.6;1.3564659966250536;25.808291873963515;0.022825407010395028;1.008849557522124;0.03404492754278114
Generalização_25;Default_FullFeatures;1.0;3.0;151;3775;11300;100;5;15075;330.6;7.088018058667739;2.9256637168141593;0.06272582352803317;325.8;7.573638491504595;4.8;1.8330302779823362;27.234494195688228;0.0470183619148772;2.8831858407079647;0.06702334948234155
Generalização_25;Default_FullFeatures;1.0;5.0;151;3775;11300;100;5;15075;566.4;8.114185110040317;5.012389380530974;0.07180694787646284;558.8;7.984985911070852;7.6;1.624807680927192;28.798673300165834;0.05382544019927242;4.945132743362831;0.07066359213337037
Generalização_25;Default_FullFeatures;1.0;10.0;151;3775;11300;100;5;15075;1140.6;19.043108989868223;10.093805309734513;0.1685230884059132;1122.8;20.30172406471923;17.8;2.85657137141714;32.60762852404644;0.1263224476939849;9.936283185840708;0.17966127490901973
Generalização_25;Default_FullFeatures;1.0;30.0;151;3775;11300;100;5;15075;3423.8;27.014070407844873;30.299115044247788;0.23906256998092773;3374.4;24.137936945812083;49.4;5.885575587824865;47.75323383084577;0.17919781365071227;29.861946902654868;0.21361006146736358
Generalização_25;Default_FullFeatures;1.0;100.0;151;3775;11300;100;5;15075;11300.0;0.0;100.0;0.0;11149.0;0.0;151.0;0.0;100.0;0.0;98.66371681415929;0.0
Generalização_25;Default_FullFeatures;5.0;1.0;754;3775;11300;100;5;15075;115.6;3.4409301068170506;1.0230088495575222;0.030450708909885396;107.6;5.607138307550474;8.0;3.847076812334269;25.808291873963515;0.022825407010395028;0.952212389380531;0.04962069298717234
Generalização_25;Default_FullFeatures;5.0;3.0;754;3775;11300;100;5;15075;330.6;7.088018058667739;2.9256637168141593;0.06272582352803317;311.6;9.54148835350125;19.0;5.019960159204453;27.234494195688228;0.0470183619148772;2.7575221238938057;0.08443795003098452
Generalização_25;Default_FullFeatures;5.0;5.0;754;3775;11300;100;5;15075;566.4;8.114185110040317;5.012389380530974;0.07180694787646284;535.8;10.628264204469138;30.6;4.223742416388575;28.798673300165834;0.05382544019927242;4.741592920353981;0.09405543543777997
Generalização_25;Default_FullFeatures;5.0;10.0;754;3775;11300;100;5;15075;1140.6;19.043108989868223;10.093805309734513;0.1685230884059132;1070.4;13.720058308913996;70.2;7.19444229944198;32.60762852404644;0.1263224476939849;9.472566371681417;0.1214164452116283
Generalização_25;Default_FullFeatures;5.0;30.0;754;3775;11300;100;5;15075;3423.8;27.014070407844873;30.299115044247788;0.23906256998092773;3203.8;31.51126782596981;220.0;7.26636084983398;47.75323383084577;0.17919781365071227;28.35221238938053;0.27886077722097175
Generalização_25;Default_FullFeatures;5.0;100.0;754;3775;11300;100;5;15075;11300.0;0.0;100.0;0.0;10546.0;0.0;754.0;0.0;100.0;0.0;93.32743362831859;0.0
Generalização_25;Default_FullFeatures;10.0;1.0;1508;3775;11300;100;5;15075;115.6;3.4409301068170506;1.0230088495575222;0.030450708909885396;98.8;5.528109984434102;16.8;2.4;25.808291873963515;0.022825407010395028;0.8743362831858407;0.04892132729587701
Generalização_25;Default_FullFeatures;10.0;3.0;1508;3775;11300;100;5;15075;330.6;7.088018058667739;2.9256637168141593;0.06272582352803317;285.8;10.303397497913007;44.8;4.069397989875161;27.234494195688228;0.0470183619148772;2.529203539823009;0.09118050883108855
Generalização_25;Default_FullFeatures;10.0;5.0;1508;3775;11300;100;5;15075;566.4;8.114185110040317;5.012389380530974;0.07180694787646284;492.4;8.2365041127896;74.0;4.0;28.798673300165834;0.05382544019927242;4.357522123893805;0.07288941692734159
Generalização_25;Default_FullFeatures;10.0;10.0;1508;3775;11300;100;5;15075;1140.6;19.043108989868223;10.093805309734513;0.1685230884059132;991.8;21.802752119858628;148.8;13.090454537562858;32.60762852404644;0.1263224476939849;8.776991150442479;0.1929447090252976
Generalização_25;Default_FullFeatures;10.0;30.0;1508;3775;11300;100;5;15075;3423.8;27.014070407844873;30.299115044247788;0.23906256998092773;2975.6;24.77579463912308;448.2;12.319090875547595;47.75323383084577;0.17919781365071227;26.33274336283186;0.21925481981524853
Generalização_25;Default_FullFeatures;10.0;100.0;1508;3775;11300;100;5;15075;11300.0;0.0;100.0;0.0;9792.0;0.0;1508.0;0.0;100.0;0.0;86.65486725663717;0.0
Recorrência_1000;Default_FullFeatures;0.0;1.0;0;2642;15358;100;5;18000;153.4;5.851495535331117;0.9988279723922385;0.038100635078337795;153.4;5.851495535331117;0.0;0.0;15.53;0.032508308529617315;0.9988279723922385;0.03810063507833778
Recorrência_1000;Default_FullFeatures;0.0;3.0;0;2642;15358;100;5;18000;444.0;7.6681158050723255;2.8910014324781868;0.04992913012809166;444.0;7.6681158050723255;0.0;0.0;17.144444444444446;0.04260064336151292;2.891001432478187;0.04992913012809171
Recorrência_1000;Default_FullFeatures;0.0;5.0;0;2642;15358;100;5;18000;755.2;8.634813257969162;4.917306941007944;0.056223552923356866;755.2;8.634813257969162;0.0;0.0;18.873333333333335;0.04797118476649534;4.9173069410079435;0.056223552923356956
Recorrência_1000;Default_FullFeatures;0.0;10.0;0;2642;15358;100;5;18000;1527.0;32.57606483294138;9.942700872509441;0.21211137409129713;1527.0;32.57606483294138;0.0;0.0;23.16111111111111;0.18097813796078543;9.942700872509441;0.2121113740912969
Recorrência_1000;Default_FullFeatures;0.0;30.0;0;2642;15358;100;5;18000;4628.4;39.34768099901188;30.13673655423883;0.2562031579568419;4628.4;39.34768099901188;0.0;0.0;40.39111111111111;0.2185982277722882;30.13673655423883;0.25620315795684256
Recorrência_1000;Default_FullFeatures;0.0;100.0;0;2642;15358;100;5;18000;15358.0;0.0;100.0;0.0;15358.0;0.0;0.0;0.0;100.0;0.0;100.0;0.0
Recorrência_1000;Default_FullFeatures;1.0;1.0;180;2642;15358;100;5;18000;153.4;5.851495535331117;0.9988279723922385;0.038100635078337795;150.0;4.69041575982343;3.4;1.854723699099141;15.53;0.032508308529617315;0.9766896731345227;0.030540537568846397
Recorrência_1000;Default_FullFeatures;1.0;3.0;180;2642;15358;100;5;18000;444.0;7.6681158050723255;2.8910014324781868;0.04992913012809166;438.2;7.6262703859750465;5.8;2.7856776554368237;17.144444444444446;0.04260064336151292;2.853236098450319;0.04965666353675639
Recorrência_1000;Default_FullFeatures;1.0;5.0;180;2642;15358;100;5;18000;755.2;8.634813257969162;4.917306941007944;0.056223552923356866;746.2;8.280096617793781;9.0;3.4641016151377544;18.873333333333335;0.04797118476649534;4.858705560619873;0.05391389906103517
Recorrência_1000;Default_FullFeatures;1.0;10.0;180;2642;15358;100;5;18000;1527.0;32.57606483294138;9.942700872509441;0.21211137409129713;1507.6;32.757289265139136;19.4;4.409081537009721;23.16111111111111;0.18097813796078543;9.81638234145071;0.213291374300945
Recorrência_1000;Default_FullFeatures;1.0;30.0;180;2642;15358;100;5;18000;4628.4;39.34768099901188;30.13673655423883;0.2562031579568419;4573.4;40.34154186443548;55.0;5.621387729022079;40.39111111111111;0.2185982277722882;29.778617007422838;0.26267444891545433
Recorrência_1000;Default_FullFeatures;1.0;100.0;180;2642;15358;100;5;18000;15358.0;0.0;100.0;0.0;15178.0;0.0;180.0;0.0;100.0;0.0;98.82797239223858;0.0
Recorrência_1000;Default_FullFeatures;5.0;1.0;900;2642;15358;100;5;18000;153.4;5.851495535331117;0.9988279723922385;0.038100635078337795;142.8;3.919183588453085;10.6;4.079215610874228;15.53;0.032508308529617315;0.9298085688240657;0.025518840919736194
Recorrência_1000;Default_FullFeatures;5.0;3.0;900;2642;15358;100;5;18000;444.0;7.6681158050723255;2.8910014324781868;0.04992913012809166;419.0;5.761944116355173;25.0;3.4641016151377544;17.144444444444446;0.04260064336151292;2.7282198202891;0.0375175421041488
Recorrência_1000;Default_FullFeatures;5.0;5.0;900;2642;15358;100;5;18000;755.2;8.634813257969162;4.917306941007944;0.056223552923356866;712.8;8.37615663654877;42.4;3.5552777669262356;18.873333333333335;0.04797118476649534;4.641229326735252;0.0545393712498292
Recorrência_1000;Default_FullFeatures;5.0;10.0;900;2642;15358;100;5;18000;1527.0;32.57606483294138;9.942700872509441;0.21211137409129713;1439.0;31.943700474428443;88.0;6.131883886702357;23.16111111111111;0.18097813796078543;9.369709597603855;0.20799388250051076
Recorrência_1000;Default_FullFeatures;5.0;30.0;900;2642;15358;100;5;18000;4628.4;39.34768099901188;30.13673655423883;0.2562031579568419;4362.8;43.54032613566416;265.6;10.892199043352083;40.39111111111111;0.2185982277722882;28.40734470634197;0.28350257934408235
Recorrência_1000;Default_FullFeatures;5.0;100.0;900;2642;15358;100;5;18000;15358.0;0.0;100.0;0.0;14458.0;0.0;900.0;0.0;100.0;0.0;94.13986196119286;0.0
Recorrência_1000;Default_FullFeatures;10.0;1.0;1800;2642;15358;100;5;18000;153.4;5.851495535331117;0.9988279723922385;0.038100635078337795;134.4;4.127953488110059;19.0;4.9396356140913875;15.53;0.032508308529617315;0.8751139471285324;0.02687819695344484
Recorrência_1000;Default_FullFeatures;10.0;3.0;1800;2642;15358;100;5;18000;444.0;7.6681158050723255;2.8910014324781868;0.04992913012809166;393.2;7.194442299441979;50.8;1.8330302779823358;17.144444444444446;0.04260064336151292;2.560229196509962;0.046844916652181136
Recorrência_1000;Default_FullFeatures;10.0;5.0;1800;2642;15358;100;5;18000;755.2;8.634813257969162;4.917306941007944;0.056223552923356866;670.0;8.717797887081348;85.2;3.3105890714493693;18.873333333333335;0.04797118476649534;4.362547206667535;0.05676388779190877
Recorrência_1000;Default_FullFeatures;10.0;10.0;1800;2642;15358;100;5;18000;1527.0;32.57606483294138;9.942700872509441;0.21211137409129713;1359.2;27.271963625672427;167.8;10.380751417888783;23.16111111111111;0.18097813796078543;8.850110691496289;0.17757496826196398
Recorrência_1000;Default_FullFeatures;10.0;30.0;1800;2642;15358;100;5;18000;4628.4;39.34768099901188;30.13673655423883;0.2562031579568419;4106.6;33.99176370828675;521.8;21.97635092548351;40.39111111111111;0.2185982277722882;26.73915874462821;0.2213293639034168
Recorrência_1000;Default_FullFeatures;10.0;100.0;1800;2642;15358;100;5;18000;15358.0;0.0;100.0;0.0;13558.0;0.0;1800.0;0.0;100.0;0.0;88.27972392238573;0.0
Recorrência_200;Default_FullFeatures;0.0;1.0;0;2242;13358;100;5;15600;132.6;4.498888751680798;0.9926635723910765;0.03367935882378199;132.6;4.498888751680798;0.0;0.0;15.221794871794872;0.028839030459492293;0.9926635723910765;0.03367935882378199
Recorrência_200;Default_FullFeatures;0.0;3.0;0;2242;13358;100;5;15600;387.2;6.046486583132389;2.8986375205869144;0.04526490929130418;387.2;6.046486583132389;0.0;0.0;16.853846153846153;0.038759529379053775;2.8986375205869144;0.04526490929130401
Recorrência_200;Default_FullFeatures;0.0;5.0;0;2242;13358;100;5;15600;660.4;7.9397732965116825;4.943853870339871;0.0594383387970629;660.4;7.9397732965116825;0.0;0.0;18.605128205128207;0.05089598266994668;4.943853870339871;0.059438338797063055
Recorrência_200;Default_FullFeatures;0.0;10.0;0;2242;13358;100;5;15600;1337.6;23.01825362619849;10.013475071118432;0.17231811368616926;1337.6;23.01825362619849;0.0;0.0;22.946153846153845;0.14755290786024672;10.013475071118432;0.17231811368616926
Recorrência_200;Default_FullFeatures;0.0;30.0;0;2242;13358;100;5;15600;4046.8;32.37529922641642;30.294954334481208;0.24236636642024675;4046.8;32.37529922641642;0.0;0.0;40.312820512820515;0.20753396940010527;30.29495433448121;0.24236636642024573
Recorrência_200;Default_FullFeatures;0.0;100.0;0;2242;13358;100;5;15600;13358.0;0.0;100.0;0.0;13358.0;0.0;0.0;0.0;100.0;0.0;100.0;0.0
Recorrência_200;Default_FullFeatures;1.0;1.0;156;2242;13358;100;5;15600;132.6;4.498888751680798;0.9926635723910765;0.03367935882378199;131.4;3.7202150475476548;1.2;1.4696938456699067;15.221794871794872;0.028839030459492293;0.983680191645456;0.02785009018975636
Recorrência_200;Default_FullFeatures;1.0;3.0;156;2242;13358;100;5;15600;387.2;6.046486583132389;2.8986375205869144;0.04526490929130418;381.8;6.910861017268398;5.4;1.624807680927192;16.853846153846153;0.038759529379053775;2.8582123072316215;0.05173574649849078
Recorrência_200;Default_FullFeatures;1.0;5.0;156;2242;13358;100;5;15600;660.4;7.9397732965116825;4.943853870339871;0.0594383387970629;651.8;9.130169768410662;8.6;2.5768197453450252;18.605128205128207;0.05089598266994668;4.879472974996256;0.06834982608482304
Recorrência_200;Default_FullFeatures;1.0;10.0;156;2242;13358;100;5;15600;1337.6;23.01825362619849;10.013475071118432;0.17231811368616926;1322.0;21.099763031844695;15.6;3.3823069050575527;22.946153846153845;0.14755290786024672;9.896691121425363;0.1579560041311925
Recorrência_200;Default_FullFeatures;1.0;30.0;156;2242;13358;100;5;15600;4046.8;32.37529922641642;30.294954334481208;0.24236636642024675;4000.0;29.765752132274432;46.8;4.354308211415448;40.312820512820515;0.20753396940010527;29.944602485402005;0.22283090381999127
Recorrência_200;Default_FullFeatures;1.0;100.0;156;2242;13358;100;5;15600;13358.0;0.0;100.0;0.0;13202.0;0.0;156.0;0.0;100.0;0.0;98.83216050306932;0.0
Recorrência_200;Default_FullFeatures;5.0;1.0;780;2242;13358;100;5;15600;132.6;4.498888751680798;0.9926635723910765;0.03367935882378199;124.6;3.261901286060018;8.0;1.7888543819998317;15.221794871794872;0.028839030459492293;0.9327743674202725;0.024419084339422203
Recorrência_200;Default_FullFeatures;5.0;3.0;780;2242;13358;100;5;15600;387.2;6.046486583132389;2.8986375205869144;0.04526490929130418;365.0;6.6932802122726045;22.2;1.7204650534085253;16.853846153846153;0.038759529379053775;2.732444976792933;0.05010690381997758
Recorrência_200;Default_FullFeatures;5.0;5.0;780;2242;13358;100;5;15600;660.4;7.9397732965116825;4.943853870339871;0.0594383387970629;625.2;7.0823724838503095;35.2;2.4819347291981715;18.605128205128207;0.05089598266994668;4.680341368468334;0.05301970717061169
Recorrência_200;Default_FullFeatures;5.0;10.0;780;2242;13358;100;5;15600;1337.6;23.01825362619849;10.013475071118432;0.17231811368616926;1259.4;19.54072670091878;78.2;5.6000000000000005;22.946153846153845;0.14755290786024672;9.428058092528822;0.14628482333372345
Recorrência_200;Default_FullFeatures;5.0;30.0;780;2242;13358;100;5;15600;4046.8;32.37529922641642;30.294954334481208;0.24236636642024675;3808.4;25.91215930793881;238.4;10.537551897855593;40.312820512820515;0.20753396940010527;28.51025602635125;0.1939823275036593
Recorrência_200;Default_FullFeatures;5.0;100.0;780;2242;13358;100;5;15600;13358.0;0.0;100.0;0.0;12578.0;0.0;780.0;0.0;100.0;0.0;94.1608025153466;0.0
Recorrência_200;Default_FullFeatures;10.0;1.0;1560;2242;13358;100;5;15600;132.6;4.498888751680798;0.9926635723910765;0.03367935882378199;120.4;2.416609194718914;12.2;3.059411708155671;15.221794871794872;0.028839030459492293;0.9013325348106004;0.018091100424606335
Recorrência_200;Default_FullFeatures;10.0;3.0;1560;2242;13358;100;5;15600;387.2;6.046486583132389;2.8986375205869144;0.04526490929130418;345.8;6.4621977685614045;41.4;4.841487374764082;16.853846153846153;0.038759529379053775;2.5887108848630036;0.048376985840405784
Recorrência_200;Default_FullFeatures;10.0;5.0;1560;2242;13358;100;5;15600;660.4;7.9397732965116825;4.943853870339871;0.0594383387970629;590.0;6.985699678629192;70.4;6.280127387243033;18.605128205128207;0.05089598266994668;4.416828866596796;0.05229599998973793
Recorrência_200;Default_FullFeatures;10.0;10.0;1560;2242;13358;100;5;15600;1337.6;23.01825362619849;10.013475071118432;0.17231811368616926;1191.0;18.558017135459274;146.6;5.986651818838306;22.946153846153845;0.14755290786024672;8.916005390028447;0.1389281115096517
Recorrência_200;Default_FullFeatures;10.0;30.0;1560;2242;13358;100;5;15600;4046.8;32.37529922641642;30.294954334481208;0.24236636642024675;3577.6;31.116555079250016;469.2;13.526270735128733;40.312820512820515;0.20753396940010527;26.782452462943553;0.23294321814081462
Recorrência_200;Default_FullFeatures;10.0;100.0;1560;2242;13358;100;5;15600;13358.0;0.0;100.0;0.0;11798.0;0.0;1560.0;0.0;100.0;0.0;88.32160503069322;0.0
Recorrência_25;Default_FullFeatures;0.0;1.0;0;2154;12918;100;5;15072;127.0;3.1622776601683795;0.983124322650565;0.024479622698315405;127.0;3.1622776601683795;0.0;0.0;15.134023354564755;0.020981141588166;0.9831243226505652;0.02447962269831537
Recorrência_25;Default_FullFeatures;0.0;3.0;0;2154;12918;100;5;15072;372.6;7.031358332498778;2.8843474222015795;0.05443070392087616;372.6;7.031358332498778;0.0;0.0;16.763535031847134;0.04665179360734327;2.884347422201579;0.05443070392087613
Recorrência_25;Default_FullFeatures;0.0;5.0;0;2154;12918;100;5;15072;637.6;7.812809993849844;4.935748567889766;0.060480027820481876;637.6;7.812809993849844;0.0;0.0;18.52176220806794;0.05183658435409928;4.935748567889767;0.06048002782048184
Recorrência_25;Default_FullFeatures;0.0;10.0;0;2154;12918;100;5;15072;1292.0;22.89978165834775;10.001548227279764;0.17727033332054354;1292.0;22.89978165834775;0.0;0.0;22.8635881104034;0.15193591864615014;10.001548227279764;0.177270333320543
Recorrência_25;Default_FullFeatures;0.0;30.0;0;2154;12918;100;5;15072;3908.4;25.366119135571367;30.255457501161167;0.19636258813726096;3908.4;25.366119135571367;0.0;0.0;40.22292993630573;0.16829962271477816;30.25545750116117;0.19636258813726093
Recorrência_25;Default_FullFeatures;0.0;100.0;0;2154;12918;100;5;15072;12918.0;0.0;100.0;0.0;12918.0;0.0;0.0;0.0;100.0;0.0;100.0;0.0
Recorrência_25;Default_FullFeatures;1.0;1.0;151;2154;12918;100;5;15072;127.0;3.1622776601683795;0.983124322650565;0.024479622698315405;125.8;3.3105890714493698;1.2;1.1661903789690602;15.134023354564755;0.020981141588166;0.9738349589719771;0.025627721562543504
Recorrência_25;Default_FullFeatures;1.0;3.0;151;2154;12918;100;5;15072;372.6;7.031358332498778;2.8843474222015795;0.05443070392087616;369.2;7.756287771866127;3.4;1.019803902718557;16.763535031847134;0.04665179360734327;2.85802755844558;0.06004248159054132
Recorrência_25;Default_FullFeatures;1.0;5.0;151;2154;12918;100;5;15072;637.6;7.812809993849844;4.935748567889766;0.060480027820481876;632.0;8.438009243891594;5.6;2.5768197453450252;18.52176220806794;0.05183658435409928;4.892398204056356;0.06531978049149709
Recorrência_25;Default_FullFeatures;1.0;10.0;151;2154;12918;100;5;15072;1292.0;22.89978165834775;10.001548227279764;0.17727033332054354;1278.6;22.63271967749347;13.4;2.0591260281974;22.8635881104034;0.15193591864615014;9.89781699953553;0.1752029700998101
Recorrência_25;Default_FullFeatures;1.0;30.0;151;2154;12918;100;5;15072;3908.4;25.366119135571367;30.255457501161167;0.19636258813726096;3863.0;23.605084198112916;45.4;5.276362383309167;40.22292993630573;0.16829962271477816;29.90400990865459;0.18273017648330173
Recorrência_25;Default_FullFeatures;1.0;100.0;151;2154;12918;100;5;15072;12918.0;0.0;100.0;0.0;12767.0;0.0;151.0;0.0;100.0;0.0;98.83108840377767;0.0
Recorrência_25;Default_FullFeatures;5.0;1.0;754;2154;12918;100;5;15072;127.0;3.1622776601683795;0.983124322650565;0.024479622698315405;122.4;3.7735924528226414;4.6;1.3564659966250536;15.134023354564755;0.020981141588166;0.9475150952159777;0.029211893890870425
Recorrência_25;Default_FullFeatures;5.0;3.0;754;2154;12918;100;5;15072;372.6;7.031358332498778;2.8843474222015795;0.05443070392087616;355.6;7.631513611335565;17.0;1.2649110640673518;16.763535031847134;0.04665179360734327;2.7527481034215824;0.05907658779482555
Recorrência_25;Default_FullFeatures;5.0;5.0;754;2154;12918;100;5;15072;637.6;7.812809993849844;4.935748567889766;0.060480027820481876;607.8;7.934733769950949;29.8;1.6;18.52176220806794;0.05183658435409928;4.70506270320483;0.06142385640154009
Recorrência_25;Default_FullFeatures;5.0;10.0;754;2154;12918;100;5;15072;1292.0;22.89978165834775;10.001548227279764;0.17727033332054354;1224.4;22.374986033515192;67.6;3.3823069050575527;22.8635881104034;0.15193591864615014;9.478247406719307;0.17320781880720848
Recorrência_25;Default_FullFeatures;5.0;30.0;754;2154;12918;100;5;15072;3908.4;25.366119135571367;30.255457501161167;0.19636258813726096;3690.0;26.313494636782853;218.4;14.305243793798134;40.22292993630573;0.16829962271477816;28.56479331165815;0.20369635111304268
Recorrência_25;Default_FullFeatures;5.0;100.0;754;2154;12918;100;5;15072;12918.0;0.0;100.0;0.0;12164.0;0.0;754.0;0.0;100.0;0.0;94.1631831552872;0.0
Recorrência_25;Default_FullFeatures;10.0;1.0;1507;2154;12918;100;5;15072;127.0;3.1622776601683795;0.983124322650565;0.024479622698315405;117.0;3.3466401061363023;10.0;2.6832815729997477;15.134023354564755;0.020981141588166;0.9057129586623316;0.02590679753937376
Recorrência_25;Default_FullFeatures;10.0;3.0;1507;2154;12918;100;5;15072;372.6;7.031358332498778;2.8843474222015795;0.05443070392087616;334.6;7.445804187594513;38.0;5.656854249492381;16.763535031847134;0.04665179360734327;2.590184239046292;0.057638985815099186
Recorrência_25;Default_FullFeatures;10.0;5.0;1507;2154;12918;100;5;15072;637.6;7.812809993849844;4.935748567889766;0.060480027820481876;572.0;7.8230428862431785;65.6;7.255342858886822;18.52176220806794;0.05183658435409928;4.427930020126954;0.06055924203625312
Recorrência_25;Default_FullFeatures;10.0;10.0;1507;2154;12918;100;5;15072;1292.0;22.89978165834775;10.001548227279764;0.17727033332054354;1151.2;19.943921379708655;140.8;11.303096920755832;22.8635881104034;0.15193591864615014;8.911596222325437;0.15438861572773382
Recorrência_25;Default_FullFeatures;10.0;30.0;1507;2154;12918;100;5;15072;3908.4;25.366119135571367;30.255457501161167;0.19636258813726096;3456.6;25.271327626383226;451.8;10.628264204469138;40.22292993630573;0.16829962271477816;26.758012076172783;0.19562879413518522
Recorrência_25;Default_FullFeatures;10.0;100.0;1507;2154;12918;100;5;15072;12918.0;0.0;100.0;0.0;11411.0;0.0;1507.0;0.0;100.0;0.0;88.33410744697322;0.0
