File;Type;Rows
acumulados_completos.csv;csv;3264
condicoes_unicas.csv;csv;2304
comparacao_binario_multiclasse.csv;csv;1152
resumos_por_experimento.csv;csv;272
custos_rotulagem.csv;csv;288
binary/Consistencia_25.md;markdown;136
binary/Consistencia_200.md;markdown;136
binary/Consistencia_1000.md;markdown;136
binary/Generalizacao_25.md;markdown;136
binary/Generalizacao_200.md;markdown;136
binary/Generalizacao_1000.md;markdown;136
binary/Adaptacao_25.md;markdown;136
binary/Adaptacao_200.md;markdown;136
binary/Adaptacao_1000.md;markdown;136
binary/Recorrencia_25.md;markdown;136
binary/Recorrencia_200.md;markdown;136
binary/Recorrencia_1000.md;markdown;136
resumos/binary_experimento_A.md;markdown;16
resumos/binary_experimento_B.md;markdown;24
resumos/binary_experimento_C.md;markdown;96
multiclass/Consistencia_25.md;markdown;136
multiclass/Consistencia_200.md;markdown;136
multiclass/Consistencia_1000.md;markdown;136
multiclass/Generalizacao_25.md;markdown;136
multiclass/Generalizacao_200.md;markdown;136
multiclass/Generalizacao_1000.md;markdown;136
multiclass/Adaptacao_25.md;markdown;136
multiclass/Adaptacao_200.md;markdown;136
multiclass/Adaptacao_1000.md;markdown;136
multiclass/Recorrencia_25.md;markdown;136
multiclass/Recorrencia_200.md;markdown;136
multiclass/Recorrencia_1000.md;markdown;136
resumos/multiclass_experimento_A.md;markdown;16
resumos/multiclass_experimento_B.md;markdown;24
resumos/multiclass_experimento_C.md;markdown;96
comparacao/Consistencia_25.md;markdown;96
comparacao/Consistencia_200.md;markdown;96
comparacao/Consistencia_1000.md;markdown;96
comparacao/Generalizacao_25.md;markdown;96
comparacao/Generalizacao_200.md;markdown;96
comparacao/Generalizacao_1000.md;markdown;96
comparacao/Adaptacao_25.md;markdown;96
comparacao/Adaptacao_200.md;markdown;96
comparacao/Adaptacao_1000.md;markdown;96
comparacao/Recorrencia_25.md;markdown;96
comparacao/Recorrencia_200.md;markdown;96
comparacao/Recorrencia_1000.md;markdown;96
rotulagem.md;markdown;288
../../../TABELAS_RESULTADOS_CLASSIFICACAO.md;markdown;3264
