Exec_ID;Dataset;Category;Contamination_Block;Task_Type;Model;Scenario;Strategy;Threshold_Strategy;Decision_Strategy;Decision_Window;Persistence_K;Persistence_N;Warmup;Win_Evaluation;Discretization;Z;Score_Mean;Score_Std;Calculated_Threshold;F1_avg;F1_std;Prec_avg;Prec_std;Rec_avg;Rec_std;MCC_avg;MCC_std;FP_avg;FP_std;FN_avg;FN_std;Time_avg;Time_std;param_ensemble_size;param_max_features;param_lambda_param
20260611_1518;Consistência_25;Consistência;25;classification;AdaptiveRandomForest;Otimizado_33Features;classifier;classifier;classifier;N/A;N/A;N/A;2000;100;N/A;N/A;N/A;N/A;N/A;94,2561;0,8798;97,6539;1,6842;91,1111;1,1111;0,9429;0,0089;2;2;7;1;3,7722;0,1650;10;0,3000;2,0000
20260611_1518;Consistência_200;Consistência;200;classification;AdaptiveRandomForest;Otimizado_33Features;classifier;classifier;classifier;N/A;N/A;N/A;2000;100;N/A;N/A;N/A;N/A;N/A;97,2789;0,0969;98,1045;0,2662;96,4683;0,2314;0,9718;0,0010;10;2;18;2;5,8576;0,3439;10;0,2000;5,0000
20260611_1518;Consistência_1000;Consistência;1000;classification;AdaptiveRandomForest;Otimizado_33Features;classifier;classifier;classifier;N/A;N/A;N/A;2000;100;N/A;N/A;N/A;N/A;N/A;98,7437;0,0332;98,8033;0,0456;98,6843;0,0893;0,9851;0,0004;30;2;33;3;80,8274;4,1530;80;1,0000;5,0000
20260611_1518;Generalização_25;Generalização;25;classification;AdaptiveRandomForest;Otimizado_33Features;classifier;classifier;classifier;N/A;N/A;N/A;2000;100;N/A;N/A;N/A;N/A;N/A;94,0684;0,5562;97,0928;0,9030;91,2329;0,6711;0,9408;0,0056;2;1;7;1;44,2364;3,2414;70;0,8000;2,0000
20260612_0942;Adaptação_25;Adaptação;25;classification;AdaptiveRandomForest;Otimizado_33Features;classifier;classifier;classifier;N/A;N/A;N/A;2000;100;N/A;N/A;N/A;N/A;N/A;85,7017;1,5441;91,9619;1,6198;80,2817;2,3568;0,8584;0,0151;5;2;14;2;4,6224;0,1312;10;0,4000;5,0000
20260612_0942;Adaptação_200;Adaptação;200;classification;AdaptiveRandomForest;Otimizado_33Features;classifier;classifier;classifier;N/A;N/A;N/A;2000;100;N/A;N/A;N/A;N/A;N/A;97,5221;0,1593;98,3932;0,1932;96,6667;0,2481;0,9742;0,0017;9;2;19;2;28,0872;3,5185;80;0,5000;2,0000
20260612_0942;Adaptação_1000;Adaptação;1000;classification;AdaptiveRandomForest;Otimizado_33Features;classifier;classifier;classifier;N/A;N/A;N/A;2000;100;N/A;N/A;N/A;N/A;N/A;98,6507;0,0596;98,7585;0,0670;98,5430;0,0528;0,9839;0,0007;32;2;38;2;40,8264;8,3499;30;1,0000;5,0000
20260613_0945;Recorrência_25;Recorrência;25;classification;AdaptiveRandomForest;Otimizado_33Features;classifier;classifier;classifier;N/A;N/A;N/A;2000;100;N/A;N/A;N/A;N/A;N/A;88,8873;0,7849;98,2813;1,0724;81,1429;1,0690;0,8925;0,0078;1;1;14;1;18,6727;1,3642;40;0,9000;5,0000
20260613_0945;Recorrência_200;Recorrência;200;classification;AdaptiveRandomForest;Otimizado_33Features;classifier;classifier;classifier;N/A;N/A;N/A;2000;100;N/A;N/A;N/A;N/A;N/A;97,2961;0,2063;98,2274;0,1142;96,3826;0,3188;0,9718;0,0021;10;1;21;2;18,2591;0,3181;40;0,8000;4,0000
20260613_0945;Recorrência_1000;Recorrência;1000;classification;AdaptiveRandomForest;Otimizado_33Features;classifier;classifier;classifier;N/A;N/A;N/A;2000;100;N/A;N/A;N/A;N/A;N/A;98,9871;0,0442;99,2062;0,0443;98,7690;0,0662;0,9879;0,0005;21;2;33;2;41,5447;3,9968;50;0,8000;6,0000
20260613_1458;Generalização_25;Generalização;25;classification;AdaptiveRandomForest;Otimizado_33Features;classifier;classifier;classifier;N/A;N/A;N/A;2000;100;N/A;N/A;N/A;N/A;N/A;94,0684;0,5562;97,0928;0,9030;91,2329;0,6711;0,9408;0,0056;2;1;7;1;16,8463;1,2581;70;0,8000;2,0000
20260613_1458;Generalização_200;Generalização;200;classification;AdaptiveRandomForest;Otimizado_33Features;classifier;classifier;classifier;N/A;N/A;N/A;2000;100;N/A;N/A;N/A;N/A;N/A;98,3553;0,1340;99,4991;0,0716;97,2378;0,2319;0,9829;0,0014;3;1;16;2;21,9155;1,0444;80;0,3000;1,0000
20260613_1458;Generalização_1000;Generalização;1000;classification;AdaptiveRandomForest;Otimizado_33Features;classifier;classifier;classifier;N/A;N/A;N/A;2000;100;N/A;N/A;N/A;N/A;N/A;98,6247;0,0776;99,5637;0,0353;97,7034;0,1497;0,9837;0,0009;11;1;59;4;47,5623;5,6481;80;0,9000;1,0000
20260614_0117;Consistência_25;Consistência;25;classification;AdaptiveRandomForest;Otimizado_33Features;classifier;classifier;classifier;N/A;N/A;N/A;2000;100;N/A;N/A;N/A;N/A;N/A;92,9918;2,0624;99,7015;0,5970;87,2222;3,8690;0,9319;0,0193;1;1;10;3;3,0979;0,1143;10;0,3000;1,0000
20260614_0117;Consistência_200;Consistência;200;classification;AdaptiveRandomForest;Otimizado_33Features;classifier;classifier;classifier;N/A;N/A;N/A;2000;100;N/A;N/A;N/A;N/A;N/A;97,5106;0,0807;99,5044;0,1009;95,5952;0,0794;0,9744;0,0008;3;1;23;1;13,7102;0,6865;50;0,3000;1,0000
20260614_0117;Consistência_1000;Consistência;1000;classification;AdaptiveRandomForest;Otimizado_33Features;classifier;classifier;classifier;N/A;N/A;N/A;2000;100;N/A;N/A;N/A;N/A;N/A;98,7327;0,0638;98,7169;0,0969;98,7485;0,0818;0,9850;0,0008;32;3;32;3;50,5621;5,0465;50;1,0000;5,0000
