Exec_ID;Dataset;Category;Contamination_Block;Task_Type;Model;Scenario;Strategy;Threshold_Strategy;Decision_Strategy;Decision_Window;Persistence_K;Persistence_N;Warmup;Win_Evaluation;Discretization;Z;Score_Mean;Score_Std;Calculated_Threshold;F1_avg;F1_std;Prec_avg;Prec_std;Rec_avg;Rec_std;MCC_avg;MCC_std;FP_avg;FP_std;FN_avg;FN_std;Time_avg;Time_std;param_base_learner;param_ensemble_size;param_max_features;param_lambda_param;param_minibatch_size;param_number_of_jobs;param_drift_detection_method;param_warning_detection_method;param_disable_weighted_vote;param_disable_drift_detection;param_disable_background_learner
20260614_0639;Consistência_25;Consistência;25;classification;AdaptiveRandomForest;Default_FullFeatures;classifier;classifier;classifier;N/A;N/A;N/A;2000;100;N/A;N/A;N/A;N/A;N/A;90,8866;0,6388;90,3979;1,1096;91,3889;0,5556;0,9084;0,0064;7;1;7;1;26,5842;0,7086;N/A;100;0,6000;6,0000;N/A;1;N/A;N/A;False;False;False
20260614_0639;Consistência_200;Consistência;200;classification;AdaptiveRandomForest;Default_FullFeatures;classifier;classifier;classifier;N/A;N/A;N/A;2000;100;N/A;N/A;N/A;N/A;N/A;94,5190;0,2086;94,9557;0,4056;94,0873;0,1485;0,9431;0,0022;26;3;30;1;42,9490;2,9228;N/A;100;0,6000;6,0000;N/A;1;N/A;N/A;False;False;False
20260614_0639;Consistência_1000;Consistência;1000;classification;AdaptiveRandomForest;Default_FullFeatures;classifier;classifier;classifier;N/A;N/A;N/A;2000;100;N/A;N/A;N/A;N/A;N/A;98,4600;0,0400;98,6942;0,0401;98,2270;0,0857;0,9818;0,0005;33;2;45;3;88,5162;8,9257;N/A;100;0,6000;6,0000;N/A;1;N/A;N/A;False;False;False
20260614_0639;Generalização_25;Generalização;25;classification;AdaptiveRandomForest;Default_FullFeatures;classifier;classifier;classifier;N/A;N/A;N/A;2000;100;N/A;N/A;N/A;N/A;N/A;89,6586;0,5531;90,2917;1,1217;89,0411;0,0000;0,8960;0,0056;7;1;8;0;61,3653;3,2553;N/A;100;0,6000;6,0000;N/A;1;N/A;N/A;False;False;False
20260614_0639;Generalização_200;Generalização;200;classification;AdaptiveRandomForest;Default_FullFeatures;classifier;classifier;classifier;N/A;N/A;N/A;2000;100;N/A;N/A;N/A;N/A;N/A;95,9428;0,1762;95,9769;0,2823;95,9091;0,1399;0,9576;0,0018;23;2;24;1;100,7941;1,7632;N/A;100;0,6000;6,0000;N/A;1;N/A;N/A;False;False;False
20260614_0639;Generalização_1000;Generalização;1000;classification;AdaptiveRandomForest;Default_FullFeatures;classifier;classifier;classifier;N/A;N/A;N/A;2000;100;N/A;N/A;N/A;N/A;N/A;98,5171;0,0573;98,2501;0,0610;98,7855;0,0901;0,9823;0,0007;46;2;32;3;188,1612;9,1574;N/A;100;0,6000;6,0000;N/A;1;N/A;N/A;False;False;False
20260614_0639;Adaptação_25;Adaptação;25;classification;AdaptiveRandomForest;Default_FullFeatures;classifier;classifier;classifier;N/A;N/A;N/A;2000;100;N/A;N/A;N/A;N/A;N/A;82,7650;0,8845;84,4909;1,6863;81,1268;0,6900;0,8269;0,0090;11;2;14;1;139,7457;15,2919;N/A;100;0,6000;6,0000;N/A;1;N/A;N/A;False;False;False
20260614_0639;Adaptação_200;Adaptação;200;classification;AdaptiveRandomForest;Default_FullFeatures;classifier;classifier;classifier;N/A;N/A;N/A;2000;100;N/A;N/A;N/A;N/A;N/A;95,9441;0,0893;95,6099;0,1244;96,2807;0,1313;0,9577;0,0009;26;1;22;1;156,8480;5,4271;N/A;100;0,6000;6,0000;N/A;1;N/A;N/A;False;False;False
20260614_0639;Adaptação_1000;Adaptação;1000;classification;AdaptiveRandomForest;Default_FullFeatures;classifier;classifier;classifier;N/A;N/A;N/A;2000;100;N/A;N/A;N/A;N/A;N/A;98,4770;0,0152;98,4655;0,0451;98,4885;0,0670;0,9819;0,0002;40;2;39;2;249,2903;11,7087;N/A;100;0,6000;6,0000;N/A;1;N/A;N/A;False;False;False
20260614_0639;Recorrência_25;Recorrência;25;classification;AdaptiveRandomForest;Default_FullFeatures;classifier;classifier;classifier;N/A;N/A;N/A;2000;100;N/A;N/A;N/A;N/A;N/A;79,2343;1,1231;88,9945;1,4843;71,4286;1,5649;0,7963;0,0109;7;1;20;2;157,4035;16,2649;N/A;100;0,6000;6,0000;N/A;1;N/A;N/A;False;False;False
20260614_0639;Recorrência_200;Recorrência;200;classification;AdaptiveRandomForest;Default_FullFeatures;classifier;classifier;classifier;N/A;N/A;N/A;2000;100;N/A;N/A;N/A;N/A;N/A;94,4112;0,0740;95,4184;0,2145;93,4261;0,2556;0,9417;0,0008;26;2;38;2;283,7471;14,3086;N/A;100;0,6000;6,0000;N/A;1;N/A;N/A;False;False;False
20260614_0639;Recorrência_1000;Recorrência;1000;classification;AdaptiveRandomForest;Default_FullFeatures;classifier;classifier;classifier;N/A;N/A;N/A;2000;100;N/A;N/A;N/A;N/A;N/A;98,4351;0,0588;98,6493;0,1131;98,2219;0,0504;0,9813;0,0007;36;4;47;2;393,1197;14,7227;N/A;100;0,6000;6,0000;N/A;1;N/A;N/A;False;False;False
