Exec_ID;Dataset;Category;Contamination_Block;Task_Type;Model;Scenario;Strategy;Threshold_Strategy;Decision_Strategy;Decision_Window;Persistence_K;Persistence_N;Warmup;Win_Evaluation;Discretization;Z;Score_Mean;Score_Std;Calculated_Threshold;F1_avg;F1_std;Prec_avg;Prec_std;Rec_avg;Rec_std;MCC_avg;MCC_std;FP_avg;FP_std;FN_avg;FN_std;Time_avg;Time_std;param_grace_period;param_split_criterion;param_confidence;param_tie_threshold;param_leaf_prediction;param_nb_threshold;param_numeric_attribute_observer;param_binary_split;param_max_byte_size;param_memory_estimate_period;param_stop_mem_management;param_remove_poor_attrs;param_disable_prepruning
20260614_0639;Consistência_25;Consistência;25;classification;HoeffdingAdaptiveTree;Default_33Features;classifier;classifier;classifier;N/A;N/A;N/A;2000;100;N/A;N/A;N/A;N/A;N/A;90,2256;0,0000;98,3607;0,0000;83,3333;0,0000;0,9049;0,0000;1;0;12;0;2,0887;0,0604;200;InfoGainSplitCriterion;0,0010;0,0500;NaiveBayesAdaptive;0;GaussianNumericAttributeClassObserver;False;33554432;1000000;True;False;True
20260614_0639;Consistência_200;Consistência;200;classification;HoeffdingAdaptiveTree;Default_33Features;classifier;classifier;classifier;N/A;N/A;N/A;2000;100;N/A;N/A;N/A;N/A;N/A;97,4824;0,0000;98,9775;0,0000;96,0317;0,0000;0,9740;0,0000;5;0;20;0;2,2709;0,1563;200;InfoGainSplitCriterion;0,0010;0,0500;NaiveBayesAdaptive;0;GaussianNumericAttributeClassObserver;False;33554432;1000000;True;False;True
20260614_0639;Consistência_1000;Consistência;1000;classification;HoeffdingAdaptiveTree;Default_33Features;classifier;classifier;classifier;N/A;N/A;N/A;2000;100;N/A;N/A;N/A;N/A;N/A;98,2046;0,0000;98,7825;0,0000;97,6334;0,0000;0,9788;0,0000;30;0;59;0;2,8175;0,2827;200;InfoGainSplitCriterion;0,0010;0,0500;NaiveBayesAdaptive;0;GaussianNumericAttributeClassObserver;False;33554432;1000000;True;False;True
20260614_0639;Generalização_25;Generalização;25;classification;HoeffdingAdaptiveTree;Default_33Features;classifier;classifier;classifier;N/A;N/A;N/A;2000;100;N/A;N/A;N/A;N/A;N/A;90,5109;0,0000;96,8750;0,0000;84,9315;0,0000;0,9066;0,0000;2;0;11;0;2,3664;0,2813;200;InfoGainSplitCriterion;0,0010;0,0500;NaiveBayesAdaptive;0;GaussianNumericAttributeClassObserver;False;33554432;1000000;True;False;True
20260614_0639;Generalização_200;Generalização;200;classification;HoeffdingAdaptiveTree;Default_33Features;classifier;classifier;classifier;N/A;N/A;N/A;2000;100;N/A;N/A;N/A;N/A;N/A;98,0565;0,0000;99,1071;0,0000;97,0280;0,0000;0,9798;0,0000;5;0;17;0;2,4991;0,3688;200;InfoGainSplitCriterion;0,0010;0,0500;NaiveBayesAdaptive;0;GaussianNumericAttributeClassObserver;False;33554432;1000000;True;False;True
20260614_0639;Generalização_1000;Generalização;1000;classification;HoeffdingAdaptiveTree;Default_33Features;classifier;classifier;classifier;N/A;N/A;N/A;2000;100;N/A;N/A;N/A;N/A;N/A;98,4911;0,0000;99,1713;0,0000;97,8202;0,0000;0,9821;0,0000;21;0;56;0;3,2571;0,3792;200;InfoGainSplitCriterion;0,0010;0,0500;NaiveBayesAdaptive;0;GaussianNumericAttributeClassObserver;False;33554432;1000000;True;False;True
20260614_0639;Adaptação_25;Adaptação;25;classification;HoeffdingAdaptiveTree;Default_33Features;classifier;classifier;classifier;N/A;N/A;N/A;2000;100;N/A;N/A;N/A;N/A;N/A;74,1379;0,0000;95,5556;0,0000;60,5634;0,0000;0,7598;0,0000;2;0;28;0;2,7637;0,5290;200;InfoGainSplitCriterion;0,0010;0,0500;NaiveBayesAdaptive;0;GaussianNumericAttributeClassObserver;False;33554432;1000000;True;False;True
20260614_0639;Adaptação_200;Adaptação;200;classification;HoeffdingAdaptiveTree;Default_33Features;classifier;classifier;classifier;N/A;N/A;N/A;2000;100;N/A;N/A;N/A;N/A;N/A;87,4879;0,0000;97,8308;0,0000;79,1228;0,0000;0,8753;0,0000;10;0;119;0;3,3611;0,6645;200;InfoGainSplitCriterion;0,0010;0,0500;NaiveBayesAdaptive;0;GaussianNumericAttributeClassObserver;False;33554432;1000000;True;False;True
20260614_0639;Adaptação_1000;Adaptação;1000;classification;HoeffdingAdaptiveTree;Default_33Features;classifier;classifier;classifier;N/A;N/A;N/A;2000;100;N/A;N/A;N/A;N/A;N/A;94,5484;0,0000;98,9357;0,0000;90,5337;0,0000;0,9369;0,0000;25;0;243;0;4,5328;0,4577;200;InfoGainSplitCriterion;0,0010;0,0500;NaiveBayesAdaptive;0;GaussianNumericAttributeClassObserver;False;33554432;1000000;True;False;True
20260614_0639;Recorrência_25;Recorrência;25;classification;HoeffdingAdaptiveTree;Default_33Features;classifier;classifier;classifier;N/A;N/A;N/A;2000;100;N/A;N/A;N/A;N/A;N/A;69,1589;0,0000;100,0000;0,0000;52,8571;0,0000;0,7261;0,0000;0;0;33;0;3,9117;0,0852;200;InfoGainSplitCriterion;0,0010;0,0500;NaiveBayesAdaptive;0;GaussianNumericAttributeClassObserver;False;33554432;1000000;True;False;True
20260614_0639;Recorrência_200;Recorrência;200;classification;HoeffdingAdaptiveTree;Default_33Features;classifier;classifier;classifier;N/A;N/A;N/A;2000;100;N/A;N/A;N/A;N/A;N/A;87,7907;0,0000;99,1247;0,0000;78,7826;0,0000;0,8794;0,0000;4;0;122;0;4,0885;0,1335;200;InfoGainSplitCriterion;0,0010;0,0500;NaiveBayesAdaptive;0;GaussianNumericAttributeClassObserver;False;33554432;1000000;True;False;True
20260614_0639;Recorrência_1000;Recorrência;1000;classification;HoeffdingAdaptiveTree;Default_33Features;classifier;classifier;classifier;N/A;N/A;N/A;2000;100;N/A;N/A;N/A;N/A;N/A;84,4300;0,0000;98,5302;0,0000;73,8602;0,0000;0,8304;0,0000;29;0;688;0;4,6262;0,1410;200;InfoGainSplitCriterion;0,0010;0,0500;NaiveBayesAdaptive;0;GaussianNumericAttributeClassObserver;False;33554432;1000000;True;False;True
