Exec_ID;Dataset;Category;Contamination_Block;Task_Type;Model;Scenario;Strategy;Threshold_Strategy;Decision_Strategy;Decision_Window;Persistence_K;Persistence_N;Warmup;Win_Evaluation;Discretization;Z;Score_Mean;Score_Std;Calculated_Threshold;F1_avg;F1_std;Prec_avg;Prec_std;Rec_avg;Rec_std;MCC_avg;MCC_std;FP_avg;FP_std;FN_avg;FN_std;Time_avg;Time_std;param_grace_period;param_confidence;param_tie_threshold
20260611_1518;Consistência_25;Consistência;25;classification;HoeffdingTree;Otimizado_FullFeatures;classifier;classifier;classifier;N/A;N/A;N/A;2000;100;N/A;N/A;N/A;N/A;N/A;90,2256;0,0000;98,3607;0,0000;83,3333;0,0000;0,9049;0,0000;1;0;12;0;2,7873;0,1744;70;0,0424;0,0795
20260611_1518;Consistência_200;Consistência;200;classification;HoeffdingTree;Otimizado_FullFeatures;classifier;classifier;classifier;N/A;N/A;N/A;2000;100;N/A;N/A;N/A;N/A;N/A;97,0677;0,0000;98,9691;0,0000;95,2381;0,0000;0,9698;0,0000;5;0;24;0;3,0171;0,2584;150;0,0054;0,0560
20260611_1518;Consistência_1000;Consistência;1000;classification;HoeffdingTree;Otimizado_FullFeatures;classifier;classifier;classifier;N/A;N/A;N/A;2000;100;N/A;N/A;N/A;N/A;N/A;97,9831;0,0000;98,5396;0,0000;97,4328;0,0000;0,9762;0,0000;36;0;64;0;4,3692;0,3028;170;0,0368;0,0845
20260611_1518;Generalização_25;Generalização;25;classification;HoeffdingTree;Otimizado_FullFeatures;classifier;classifier;classifier;N/A;N/A;N/A;2000;100;N/A;N/A;N/A;N/A;N/A;91,9708;0,0000;98,4375;0,0000;86,3014;0,0000;0,9213;0,0000;1;0;10;0;3,2713;0,0157;130;0,0001;0,0687
20260611_1518;Generalização_200;Generalização;200;classification;HoeffdingTree;Otimizado_FullFeatures;classifier;classifier;classifier;N/A;N/A;N/A;2000;100;N/A;N/A;N/A;N/A;N/A;97,6868;0,0000;99,4565;0,0000;95,9790;0,0000;0,9760;0,0000;3;0;23;0;3,8137;0,5176;140;0,0000;0,0366
20260612_0942;Adaptação_25;Adaptação;25;classification;HoeffdingTree;Otimizado_FullFeatures;classifier;classifier;classifier;N/A;N/A;N/A;2000;100;N/A;N/A;N/A;N/A;N/A;86,6142;0,0000;98,2143;0,0000;77,4648;0,0000;0,8717;0,0000;1;0;16;0;3,1464;0,1242;20;0,0108;0,0261
20260612_0942;Adaptação_200;Adaptação;200;classification;HoeffdingTree;Otimizado_FullFeatures;classifier;classifier;classifier;N/A;N/A;N/A;2000;100;N/A;N/A;N/A;N/A;N/A;96,7684;0,0000;99,0809;0,0000;94,5614;0,0000;0,9666;0,0000;5;0;31;0;2,7373;0,0521;100;0,0007;0,0305
20260612_0942;Adaptação_1000;Adaptação;1000;classification;HoeffdingTree;Otimizado_FullFeatures;classifier;classifier;classifier;N/A;N/A;N/A;2000;100;N/A;N/A;N/A;N/A;N/A;97,1451;0,0000;97,5265;0,0000;96,7667;0,0000;0,9660;0,0000;63;0;83;0;3,8343;0,2295;150;0,0000;0,0461
20260613_0945;Recorrência_25;Recorrência;25;classification;HoeffdingTree;Otimizado_FullFeatures;classifier;classifier;classifier;N/A;N/A;N/A;2000;100;N/A;N/A;N/A;N/A;N/A;79,3103;0,0000;100,0000;0,0000;65,7143;0,0000;0,8099;0,0000;0;0;24;0;2,9077;0,2364;50;0,0001;0,0717
20260613_0945;Recorrência_200;Recorrência;200;classification;HoeffdingTree;Otimizado_FullFeatures;classifier;classifier;classifier;N/A;N/A;N/A;2000;100;N/A;N/A;N/A;N/A;N/A;95,9786;0,0000;98,7132;0,0000;93,3913;0,0000;0,9585;0,0000;7;0;38;0;1,1336;0,1005;120;0,0155;0,0514
20260613_0945;Recorrência_1000;Recorrência;1000;classification;HoeffdingTree;Otimizado_FullFeatures;classifier;classifier;classifier;N/A;N/A;N/A;2000;100;N/A;N/A;N/A;N/A;N/A;97,3140;0,0000;99,0169;0,0000;95,6687;0,0000;0,9682;0,0000;25;0;114;0;1,4459;0,1713;160;0,0000;0,0550
20260613_1458;Generalização_25;Generalização;25;classification;HoeffdingTree;Otimizado_FullFeatures;classifier;classifier;classifier;N/A;N/A;N/A;2000;100;N/A;N/A;N/A;N/A;N/A;91,9708;0,0000;98,4375;0,0000;86,3014;0,0000;0,9213;0,0000;1;0;10;0;2,3842;0,1174;130;0,0002;0,0893
20260613_1458;Generalização_200;Generalização;200;classification;HoeffdingTree;Otimizado_FullFeatures;classifier;classifier;classifier;N/A;N/A;N/A;2000;100;N/A;N/A;N/A;N/A;N/A;97,6868;0,0000;99,4565;0,0000;95,9790;0,0000;0,9760;0,0000;3;0;23;0;2,5461;0,1233;140;0,0061;0,0258
20260613_1458;Generalização_1000;Generalização;1000;classification;HoeffdingTree;Otimizado_FullFeatures;classifier;classifier;classifier;N/A;N/A;N/A;2000;100;N/A;N/A;N/A;N/A;N/A;98,2857;0,0000;99,5211;0,0000;97,0806;0,0000;0,9797;0,0000;12;0;75;0;3,8375;0,1372;170;0,0025;0,0825
20260614_0117;Consistência_25;Consistência;25;classification;HoeffdingTree;Otimizado_FullFeatures;classifier;classifier;classifier;N/A;N/A;N/A;2000;100;N/A;N/A;N/A;N/A;N/A;90,2256;0,0000;98,3607;0,0000;83,3333;0,0000;0,9049;0,0000;1;0;12;0;2,2519;0,1348;130;0,0000;0,0691
20260614_0117;Consistência_200;Consistência;200;classification;HoeffdingTree;Otimizado_FullFeatures;classifier;classifier;classifier;N/A;N/A;N/A;2000;100;N/A;N/A;N/A;N/A;N/A;96,3265;0,0000;99,1597;0,0000;93,6508;0,0000;0,9623;0,0000;4;0;32;0;2,7545;0,1968;40;0,0169;0,0402
20260614_0117;Consistência_1000;Consistência;1000;classification;HoeffdingTree;Otimizado_FullFeatures;classifier;classifier;classifier;N/A;N/A;N/A;2000;100;N/A;N/A;N/A;N/A;N/A;98,1657;0,0000;98,6629;0,0000;97,6735;0,0000;0,9783;0,0000;33;0;58;0;3,9735;0,1933;50;0,0168;0,0708
