File;Plot_Type;Dataset;Scenario;Exec_ID;Model
output/ClassificationLabeling/plots/individual/Default_FullFeatures/Adaptacao_1000/20261001_101354/models_LB-HAT-ARF-HT_dac9c2a9/performance_experiment_A.png;performance_A;Adaptação_1000;Default_FullFeatures;20261001_101354;ALL
output/ClassificationLabeling/plots/individual/Default_FullFeatures/Adaptacao_1000/20261001_101354/models_LB-HAT-ARF-HT_dac9c2a9/performance_experiment_B.png;performance_B;Adaptação_1000;Default_FullFeatures;20261001_101354;ALL
output/ClassificationLabeling/plots/individual/Default_FullFeatures/Adaptacao_1000/20261001_101354/models_LB-HAT-ARF-HT_dac9c2a9/heatmap_experiment_C_f1.png;heatmap_C;Adaptação_1000;Default_FullFeatures;20261001_101354;ALL
output/ClassificationLabeling/plots/individual/Default_FullFeatures/Adaptacao_1000/20261001_101354/models_LB-HAT-ARF-HT_dac9c2a9/cost_performance_experiment_C.png;cost_C;Adaptação_1000;Default_FullFeatures;20261001_101354;ALL
output/ClassificationLabeling/plots/individual/Default_FullFeatures/Adaptacao_1000/20261001_101354/models_LB-HAT-ARF-HT_dac9c2a9/errors_experiment_A.png;errors_A;Adaptação_1000;Default_FullFeatures;20261001_101354;ALL
output/ClassificationLabeling/plots/individual/Default_FullFeatures/Adaptacao_1000/20261001_101354/models_LB-HAT-ARF-HT_dac9c2a9/errors_experiment_B.png;errors_B;Adaptação_1000;Default_FullFeatures;20261001_101354;ALL
output/ClassificationLabeling/plots/individual/Default_FullFeatures/Adaptacao_200/20261001_101354/models_LB-HAT-ARF-HT_f2eb5934/performance_experiment_A.png;performance_A;Adaptação_200;Default_FullFeatures;20261001_101354;ALL
output/ClassificationLabeling/plots/individual/Default_FullFeatures/Adaptacao_200/20261001_101354/models_LB-HAT-ARF-HT_f2eb5934/performance_experiment_B.png;performance_B;Adaptação_200;Default_FullFeatures;20261001_101354;ALL
output/ClassificationLabeling/plots/individual/Default_FullFeatures/Adaptacao_200/20261001_101354/models_LB-HAT-ARF-HT_f2eb5934/heatmap_experiment_C_f1.png;heatmap_C;Adaptação_200;Default_FullFeatures;20261001_101354;ALL
output/ClassificationLabeling/plots/individual/Default_FullFeatures/Adaptacao_200/20261001_101354/models_LB-HAT-ARF-HT_f2eb5934/cost_performance_experiment_C.png;cost_C;Adaptação_200;Default_FullFeatures;20261001_101354;ALL
output/ClassificationLabeling/plots/individual/Default_FullFeatures/Adaptacao_200/20261001_101354/models_LB-HAT-ARF-HT_f2eb5934/errors_experiment_A.png;errors_A;Adaptação_200;Default_FullFeatures;20261001_101354;ALL
output/ClassificationLabeling/plots/individual/Default_FullFeatures/Adaptacao_200/20261001_101354/models_LB-HAT-ARF-HT_f2eb5934/errors_experiment_B.png;errors_B;Adaptação_200;Default_FullFeatures;20261001_101354;ALL
output/ClassificationLabeling/plots/individual/Default_FullFeatures/Adaptacao_25/20261001_101354/models_LB-HAT-ARF-HT_b1318603/performance_experiment_A.png;performance_A;Adaptação_25;Default_FullFeatures;20261001_101354;ALL
output/ClassificationLabeling/plots/individual/Default_FullFeatures/Adaptacao_25/20261001_101354/models_LB-HAT-ARF-HT_b1318603/performance_experiment_B.png;performance_B;Adaptação_25;Default_FullFeatures;20261001_101354;ALL
output/ClassificationLabeling/plots/individual/Default_FullFeatures/Adaptacao_25/20261001_101354/models_LB-HAT-ARF-HT_b1318603/heatmap_experiment_C_f1.png;heatmap_C;Adaptação_25;Default_FullFeatures;20261001_101354;ALL
output/ClassificationLabeling/plots/individual/Default_FullFeatures/Adaptacao_25/20261001_101354/models_LB-HAT-ARF-HT_b1318603/cost_performance_experiment_C.png;cost_C;Adaptação_25;Default_FullFeatures;20261001_101354;ALL
output/ClassificationLabeling/plots/individual/Default_FullFeatures/Adaptacao_25/20261001_101354/models_LB-HAT-ARF-HT_b1318603/errors_experiment_A.png;errors_A;Adaptação_25;Default_FullFeatures;20261001_101354;ALL
output/ClassificationLabeling/plots/individual/Default_FullFeatures/Adaptacao_25/20261001_101354/models_LB-HAT-ARF-HT_b1318603/errors_experiment_B.png;errors_B;Adaptação_25;Default_FullFeatures;20261001_101354;ALL
output/ClassificationLabeling/plots/individual/Default_FullFeatures/Consistencia_1000/20261001_101354/models_LB-HAT-ARF-HT_d2e7b336/performance_experiment_A.png;performance_A;Consistência_1000;Default_FullFeatures;20261001_101354;ALL
output/ClassificationLabeling/plots/individual/Default_FullFeatures/Consistencia_1000/20261001_101354/models_LB-HAT-ARF-HT_d2e7b336/performance_experiment_B.png;performance_B;Consistência_1000;Default_FullFeatures;20261001_101354;ALL
output/ClassificationLabeling/plots/individual/Default_FullFeatures/Consistencia_1000/20261001_101354/models_LB-HAT-ARF-HT_d2e7b336/heatmap_experiment_C_f1.png;heatmap_C;Consistência_1000;Default_FullFeatures;20261001_101354;ALL
output/ClassificationLabeling/plots/individual/Default_FullFeatures/Consistencia_1000/20261001_101354/models_LB-HAT-ARF-HT_d2e7b336/cost_performance_experiment_C.png;cost_C;Consistência_1000;Default_FullFeatures;20261001_101354;ALL
output/ClassificationLabeling/plots/individual/Default_FullFeatures/Consistencia_1000/20261001_101354/models_LB-HAT-ARF-HT_d2e7b336/errors_experiment_A.png;errors_A;Consistência_1000;Default_FullFeatures;20261001_101354;ALL
output/ClassificationLabeling/plots/individual/Default_FullFeatures/Consistencia_1000/20261001_101354/models_LB-HAT-ARF-HT_d2e7b336/errors_experiment_B.png;errors_B;Consistência_1000;Default_FullFeatures;20261001_101354;ALL
output/ClassificationLabeling/plots/individual/Default_FullFeatures/Consistencia_200/20261001_101354/models_LB-HAT-ARF-HT_7b9d648b/performance_experiment_A.png;performance_A;Consistência_200;Default_FullFeatures;20261001_101354;ALL
output/ClassificationLabeling/plots/individual/Default_FullFeatures/Consistencia_200/20261001_101354/models_LB-HAT-ARF-HT_7b9d648b/performance_experiment_B.png;performance_B;Consistência_200;Default_FullFeatures;20261001_101354;ALL
output/ClassificationLabeling/plots/individual/Default_FullFeatures/Consistencia_200/20261001_101354/models_LB-HAT-ARF-HT_7b9d648b/heatmap_experiment_C_f1.png;heatmap_C;Consistência_200;Default_FullFeatures;20261001_101354;ALL
output/ClassificationLabeling/plots/individual/Default_FullFeatures/Consistencia_200/20261001_101354/models_LB-HAT-ARF-HT_7b9d648b/cost_performance_experiment_C.png;cost_C;Consistência_200;Default_FullFeatures;20261001_101354;ALL
output/ClassificationLabeling/plots/individual/Default_FullFeatures/Consistencia_200/20261001_101354/models_LB-HAT-ARF-HT_7b9d648b/errors_experiment_A.png;errors_A;Consistência_200;Default_FullFeatures;20261001_101354;ALL
output/ClassificationLabeling/plots/individual/Default_FullFeatures/Consistencia_200/20261001_101354/models_LB-HAT-ARF-HT_7b9d648b/errors_experiment_B.png;errors_B;Consistência_200;Default_FullFeatures;20261001_101354;ALL
output/ClassificationLabeling/plots/individual/Default_FullFeatures/Consistencia_25/20261001_101354/models_LB-HAT-ARF-HT_db26c0b5/performance_experiment_A.png;performance_A;Consistência_25;Default_FullFeatures;20261001_101354;ALL
output/ClassificationLabeling/plots/individual/Default_FullFeatures/Consistencia_25/20261001_101354/models_LB-HAT-ARF-HT_db26c0b5/performance_experiment_B.png;performance_B;Consistência_25;Default_FullFeatures;20261001_101354;ALL
output/ClassificationLabeling/plots/individual/Default_FullFeatures/Consistencia_25/20261001_101354/models_LB-HAT-ARF-HT_db26c0b5/heatmap_experiment_C_f1.png;heatmap_C;Consistência_25;Default_FullFeatures;20261001_101354;ALL
output/ClassificationLabeling/plots/individual/Default_FullFeatures/Consistencia_25/20261001_101354/models_LB-HAT-ARF-HT_db26c0b5/cost_performance_experiment_C.png;cost_C;Consistência_25;Default_FullFeatures;20261001_101354;ALL
output/ClassificationLabeling/plots/individual/Default_FullFeatures/Consistencia_25/20261001_101354/models_LB-HAT-ARF-HT_db26c0b5/errors_experiment_A.png;errors_A;Consistência_25;Default_FullFeatures;20261001_101354;ALL
output/ClassificationLabeling/plots/individual/Default_FullFeatures/Consistencia_25/20261001_101354/models_LB-HAT-ARF-HT_db26c0b5/errors_experiment_B.png;errors_B;Consistência_25;Default_FullFeatures;20261001_101354;ALL
output/ClassificationLabeling/plots/individual/Default_FullFeatures/Generalizacao_1000/20261001_101354/models_LB-HAT-ARF-HT_469abc16/performance_experiment_A.png;performance_A;Generalização_1000;Default_FullFeatures;20261001_101354;ALL
output/ClassificationLabeling/plots/individual/Default_FullFeatures/Generalizacao_1000/20261001_101354/models_LB-HAT-ARF-HT_469abc16/performance_experiment_B.png;performance_B;Generalização_1000;Default_FullFeatures;20261001_101354;ALL
output/ClassificationLabeling/plots/individual/Default_FullFeatures/Generalizacao_1000/20261001_101354/models_LB-HAT-ARF-HT_469abc16/heatmap_experiment_C_f1.png;heatmap_C;Generalização_1000;Default_FullFeatures;20261001_101354;ALL
output/ClassificationLabeling/plots/individual/Default_FullFeatures/Generalizacao_1000/20261001_101354/models_LB-HAT-ARF-HT_469abc16/cost_performance_experiment_C.png;cost_C;Generalização_1000;Default_FullFeatures;20261001_101354;ALL
output/ClassificationLabeling/plots/individual/Default_FullFeatures/Generalizacao_1000/20261001_101354/models_LB-HAT-ARF-HT_469abc16/errors_experiment_A.png;errors_A;Generalização_1000;Default_FullFeatures;20261001_101354;ALL
output/ClassificationLabeling/plots/individual/Default_FullFeatures/Generalizacao_1000/20261001_101354/models_LB-HAT-ARF-HT_469abc16/errors_experiment_B.png;errors_B;Generalização_1000;Default_FullFeatures;20261001_101354;ALL
output/ClassificationLabeling/plots/individual/Default_FullFeatures/Generalizacao_200/20261001_101354/models_LB-HAT-ARF-HT_c23fcfa2/performance_experiment_A.png;performance_A;Generalização_200;Default_FullFeatures;20261001_101354;ALL
output/ClassificationLabeling/plots/individual/Default_FullFeatures/Generalizacao_200/20261001_101354/models_LB-HAT-ARF-HT_c23fcfa2/performance_experiment_B.png;performance_B;Generalização_200;Default_FullFeatures;20261001_101354;ALL
output/ClassificationLabeling/plots/individual/Default_FullFeatures/Generalizacao_200/20261001_101354/models_LB-HAT-ARF-HT_c23fcfa2/heatmap_experiment_C_f1.png;heatmap_C;Generalização_200;Default_FullFeatures;20261001_101354;ALL
output/ClassificationLabeling/plots/individual/Default_FullFeatures/Generalizacao_200/20261001_101354/models_LB-HAT-ARF-HT_c23fcfa2/cost_performance_experiment_C.png;cost_C;Generalização_200;Default_FullFeatures;20261001_101354;ALL
output/ClassificationLabeling/plots/individual/Default_FullFeatures/Generalizacao_200/20261001_101354/models_LB-HAT-ARF-HT_c23fcfa2/errors_experiment_A.png;errors_A;Generalização_200;Default_FullFeatures;20261001_101354;ALL
output/ClassificationLabeling/plots/individual/Default_FullFeatures/Generalizacao_200/20261001_101354/models_LB-HAT-ARF-HT_c23fcfa2/errors_experiment_B.png;errors_B;Generalização_200;Default_FullFeatures;20261001_101354;ALL
output/ClassificationLabeling/plots/individual/Default_FullFeatures/Generalizacao_25/20261001_101354/models_LB-HAT-ARF-HT_b6750b36/performance_experiment_A.png;performance_A;Generalização_25;Default_FullFeatures;20261001_101354;ALL
output/ClassificationLabeling/plots/individual/Default_FullFeatures/Generalizacao_25/20261001_101354/models_LB-HAT-ARF-HT_b6750b36/performance_experiment_B.png;performance_B;Generalização_25;Default_FullFeatures;20261001_101354;ALL
output/ClassificationLabeling/plots/individual/Default_FullFeatures/Generalizacao_25/20261001_101354/models_LB-HAT-ARF-HT_b6750b36/heatmap_experiment_C_f1.png;heatmap_C;Generalização_25;Default_FullFeatures;20261001_101354;ALL
output/ClassificationLabeling/plots/individual/Default_FullFeatures/Generalizacao_25/20261001_101354/models_LB-HAT-ARF-HT_b6750b36/cost_performance_experiment_C.png;cost_C;Generalização_25;Default_FullFeatures;20261001_101354;ALL
output/ClassificationLabeling/plots/individual/Default_FullFeatures/Generalizacao_25/20261001_101354/models_LB-HAT-ARF-HT_b6750b36/errors_experiment_A.png;errors_A;Generalização_25;Default_FullFeatures;20261001_101354;ALL
output/ClassificationLabeling/plots/individual/Default_FullFeatures/Generalizacao_25/20261001_101354/models_LB-HAT-ARF-HT_b6750b36/errors_experiment_B.png;errors_B;Generalização_25;Default_FullFeatures;20261001_101354;ALL
output/ClassificationLabeling/plots/individual/Default_FullFeatures/Recorrencia_1000/20261001_101354/models_LB-HAT-ARF-HT_08bb7d46/performance_experiment_A.png;performance_A;Recorrência_1000;Default_FullFeatures;20261001_101354;ALL
output/ClassificationLabeling/plots/individual/Default_FullFeatures/Recorrencia_1000/20261001_101354/models_LB-HAT-ARF-HT_08bb7d46/performance_experiment_B.png;performance_B;Recorrência_1000;Default_FullFeatures;20261001_101354;ALL
output/ClassificationLabeling/plots/individual/Default_FullFeatures/Recorrencia_1000/20261001_101354/models_LB-HAT-ARF-HT_08bb7d46/heatmap_experiment_C_f1.png;heatmap_C;Recorrência_1000;Default_FullFeatures;20261001_101354;ALL
output/ClassificationLabeling/plots/individual/Default_FullFeatures/Recorrencia_1000/20261001_101354/models_LB-HAT-ARF-HT_08bb7d46/cost_performance_experiment_C.png;cost_C;Recorrência_1000;Default_FullFeatures;20261001_101354;ALL
output/ClassificationLabeling/plots/individual/Default_FullFeatures/Recorrencia_1000/20261001_101354/models_LB-HAT-ARF-HT_08bb7d46/errors_experiment_A.png;errors_A;Recorrência_1000;Default_FullFeatures;20261001_101354;ALL
output/ClassificationLabeling/plots/individual/Default_FullFeatures/Recorrencia_1000/20261001_101354/models_LB-HAT-ARF-HT_08bb7d46/errors_experiment_B.png;errors_B;Recorrência_1000;Default_FullFeatures;20261001_101354;ALL
output/ClassificationLabeling/plots/individual/Default_FullFeatures/Recorrencia_200/20261001_101354/models_LB-HAT-ARF-HT_81da070a/performance_experiment_A.png;performance_A;Recorrência_200;Default_FullFeatures;20261001_101354;ALL
output/ClassificationLabeling/plots/individual/Default_FullFeatures/Recorrencia_200/20261001_101354/models_LB-HAT-ARF-HT_81da070a/performance_experiment_B.png;performance_B;Recorrência_200;Default_FullFeatures;20261001_101354;ALL
output/ClassificationLabeling/plots/individual/Default_FullFeatures/Recorrencia_200/20261001_101354/models_LB-HAT-ARF-HT_81da070a/heatmap_experiment_C_f1.png;heatmap_C;Recorrência_200;Default_FullFeatures;20261001_101354;ALL
output/ClassificationLabeling/plots/individual/Default_FullFeatures/Recorrencia_200/20261001_101354/models_LB-HAT-ARF-HT_81da070a/cost_performance_experiment_C.png;cost_C;Recorrência_200;Default_FullFeatures;20261001_101354;ALL
output/ClassificationLabeling/plots/individual/Default_FullFeatures/Recorrencia_200/20261001_101354/models_LB-HAT-ARF-HT_81da070a/errors_experiment_A.png;errors_A;Recorrência_200;Default_FullFeatures;20261001_101354;ALL
output/ClassificationLabeling/plots/individual/Default_FullFeatures/Recorrencia_200/20261001_101354/models_LB-HAT-ARF-HT_81da070a/errors_experiment_B.png;errors_B;Recorrência_200;Default_FullFeatures;20261001_101354;ALL
output/ClassificationLabeling/plots/individual/Default_FullFeatures/Recorrencia_25/20261001_101354/models_LB-HAT-ARF-HT_febb5c4f/performance_experiment_A.png;performance_A;Recorrência_25;Default_FullFeatures;20261001_101354;ALL
output/ClassificationLabeling/plots/individual/Default_FullFeatures/Recorrencia_25/20261001_101354/models_LB-HAT-ARF-HT_febb5c4f/performance_experiment_B.png;performance_B;Recorrência_25;Default_FullFeatures;20261001_101354;ALL
output/ClassificationLabeling/plots/individual/Default_FullFeatures/Recorrencia_25/20261001_101354/models_LB-HAT-ARF-HT_febb5c4f/heatmap_experiment_C_f1.png;heatmap_C;Recorrência_25;Default_FullFeatures;20261001_101354;ALL
output/ClassificationLabeling/plots/individual/Default_FullFeatures/Recorrencia_25/20261001_101354/models_LB-HAT-ARF-HT_febb5c4f/cost_performance_experiment_C.png;cost_C;Recorrência_25;Default_FullFeatures;20261001_101354;ALL
output/ClassificationLabeling/plots/individual/Default_FullFeatures/Recorrencia_25/20261001_101354/models_LB-HAT-ARF-HT_febb5c4f/errors_experiment_A.png;errors_A;Recorrência_25;Default_FullFeatures;20261001_101354;ALL
output/ClassificationLabeling/plots/individual/Default_FullFeatures/Recorrencia_25/20261001_101354/models_LB-HAT-ARF-HT_febb5c4f/errors_experiment_B.png;errors_B;Recorrência_25;Default_FullFeatures;20261001_101354;ALL
output/ClassificationLabeling/plots/aggregated/Default_FullFeatures/datasets_12_models_LB-HAT-ARF-HT_c9279d3b/performance_experiment_A.png;aggregate_performance_A;AGGREGATED;Default_FullFeatures;macro;ALL
output/ClassificationLabeling/plots/aggregated/Default_FullFeatures/datasets_12_models_LB-HAT-ARF-HT_c9279d3b/performance_experiment_B.png;aggregate_performance_B;AGGREGATED;Default_FullFeatures;macro;ALL
output/ClassificationLabeling/plots/aggregated/Default_FullFeatures/datasets_12_models_LB-HAT-ARF-HT_c9279d3b/heatmap_experiment_C_f1.png;aggregate_heatmap_C;AGGREGATED;Default_FullFeatures;macro;ALL
output/ClassificationLabeling/plots/aggregated/Default_FullFeatures/datasets_12_models_LB-HAT-ARF-HT_c9279d3b/cost_performance_experiment_C.png;aggregate_cost_C;AGGREGATED;Default_FullFeatures;macro;ALL
output/ClassificationLabeling/plots/aggregated/Default_FullFeatures/datasets_12_models_LB-HAT-ARF-HT_c9279d3b/errors_experiment_A.png;aggregate_errors_A;AGGREGATED;Default_FullFeatures;macro;ALL
output/ClassificationLabeling/plots/aggregated/Default_FullFeatures/datasets_12_models_LB-HAT-ARF-HT_c9279d3b/errors_experiment_B.png;aggregate_errors_B;AGGREGATED;Default_FullFeatures;macro;ALL
