Exec_ID;Dataset;Experiment;Model;Scenario;Training_Label_Mode;Evaluation_Label_Mode;Delay_Percentage;Delay_Instances;Label_Budget_Percentage;Initial_Training_Instances;Evaluation_Instances;Window_Evaluation;Runs;Queried_avg;Queried_std;Effective_Query_Percentage_avg;Effective_Query_Percentage_std;Delivered_During_Stream_avg;Delivered_During_Stream_std;Flushed_After_Stream_avg;Flushed_After_Stream_std;F1_avg;F1_std;Prec_avg;Prec_std;Rec_avg;Rec_std;MCC_avg;MCC_std;FP_avg;FP_std;FN_avg;FN_std;Time_avg;Time_std
20261007_130844;Adaptação_200;A;LeveragingBagging;Default_FullFeatures;binary;binary;0.0;0;100.0;3950;11650;100;5;11650.0;0.0;100.0;0.0;11650.0;0.0;0.0;0.0;89.94249916630346;0.35033716913933793;95.64343396403062;0.31772123923898105;84.8854961832061;0.5934811088901071;0.8978396441445969;0.0034701540946825526;15.2;1.1661903789690602;59.4;2.3323807579381204;22.6786190032959;0.516053878040956
20261007_130844;Adaptação_200;A;HoeffdingAdaptiveTree;Default_FullFeatures;binary;binary;0.0;0;100.0;3950;11650;100;5;11650.0;0.0;100.0;0.0;11650.0;0.0;0.0;0.0;94.67005076142132;0.0;94.43037974683544;0.0;94.91094147582697;0.0;0.9448381084233851;0.0;22.0;0.0;20.0;0.0;2.067254161834717;0.04241164865096836
20261007_130844;Adaptação_200;A;AdaptiveRandomForest;Default_FullFeatures;binary;binary;0.0;0;100.0;3950;11650;100;5;11650.0;0.0;100.0;0.0;11650.0;0.0;0.0;0.0;94.74388217983696;0.5148932255448975;94.98679392184137;0.38675907933034853;94.50381679389314;0.7304173076034233;0.9456166564727351;0.005324783114211379;19.6;1.4966629547095764;21.6;2.870540018881465;28.28062686920166;0.8056053381889043
20261007_130844;Adaptação_200;A;HoeffdingTree;Default_FullFeatures;binary;binary;0.0;0;100.0;3950;11650;100;5;11650.0;0.0;100.0;0.0;11650.0;0.0;0.0;0.0;85.997171145686;0.0;96.81528662420382;0.0;77.35368956743002;0.0;0.8613801606392304;0.0;10.0;0.0;89.0;0.0;1.8435984134674073;0.030233624113254687
20261007_130844;Adaptação_200;A;LeveragingBagging;Default_FullFeatures;binary;binary;1.0;156;100.0;3950;11650;100;5;11650.0;0.0;100.0;0.0;11494.0;0.0;156.0;0.0;53.57937519463526;0.19065217607080728;54.629800035392556;0.37610307606468346;52.56997455470738;0.12465596655385057;0.5200156745211594;0.0020507581855541903;171.6;2.6532998322843198;186.4;0.4898979485566356;22.841032409667967;0.3425989848747155
20261007_130844;Adaptação_200;A;HoeffdingAdaptiveTree;Default_FullFeatures;binary;binary;1.0;156;100.0;3950;11650;100;5;11650.0;0.0;100.0;0.0;11494.0;0.0;156.0;0.0;24.899598393574294;0.0;59.04761904761905;0.0;15.776081424936388;1.7763568394002505e-15;0.29408319329914373;0.0;43.0;0.0;331.0;0.0;2.095673418045044;0.05070649115835829
20261007_130844;Adaptação_200;A;AdaptiveRandomForest;Default_FullFeatures;binary;binary;1.0;156;100.0;3950;11650;100;5;11650.0;0.0;100.0;0.0;11494.0;0.0;156.0;0.0;54.36667166656689;1.7551083317840301;53.548179134962496;3.2705985954464767;55.31806615776081;0.25949208720574035;0.5277759295415055;0.018161832812357937;190.2;26.468094000135334;175.6;1.019803902718557;30.001501512527465;0.8481944375844467
20261007_130844;Adaptação_200;A;HoeffdingTree;Default_FullFeatures;binary;binary;1.0;156;100.0;3950;11650;100;5;11650.0;0.0;100.0;0.0;11494.0;0.0;156.0;0.0;67.3202614379085;0.0;94.06392694063926;0.0;52.41730279898219;0.0;0.6952807936956352;0.0;13.0;0.0;187.0;0.0;1.8936729431152344;0.030359477724086908
20261007_130844;Adaptação_200;A;LeveragingBagging;Default_FullFeatures;binary;binary;5.0;780;100.0;3950;11650;100;5;11650.0;0.0;100.0;0.0;10870.0;0.0;780.0;0.0;26.17076881108526;0.08919740153968604;18.231092923551124;0.07275045355461479;46.36132315521628;0.1017811704834628;0.25208667544012997;0.0009553734743602939;817.2;2.6381811916545836;210.8;0.4;23.51545991897583;0.546730333098466
20261007_130844;Adaptação_200;A;HoeffdingAdaptiveTree;Default_FullFeatures;binary;binary;5.0;780;100.0;3950;11650;100;5;11650.0;0.0;100.0;0.0;10870.0;0.0;780.0;0.0;59.23566878980891;0.0;79.14893617021276;0.0;47.32824427480916;0.0;0.6022036208962859;0.0;49.0;0.0;207.0;0.0;2.0953667163848877;0.028602511845999073
20261007_130844;Adaptação_200;A;AdaptiveRandomForest;Default_FullFeatures;binary;binary;5.0;780;100.0;3950;11650;100;5;11650.0;0.0;100.0;0.0;10870.0;0.0;780.0;0.0;26.449659365616004;0.4481044954449212;18.513956106141613;0.43658817470208827;46.31043256997455;0.0;0.2545495220434499;0.004089035610961544;801.6;23.660938273872404;211.0;0.0;31.628499126434328;0.7105142647000658
20261007_130844;Adaptação_200;A;HoeffdingTree;Default_FullFeatures;binary;binary;5.0;780;100.0;3950;11650;100;5;11650.0;0.0;100.0;0.0;10870.0;0.0;780.0;0.0;52.601156069364166;0.0;60.86956521739131;0.0;46.31043256997455;0.0;0.5168634243749812;0.0;117.0;0.0;211.0;0.0;1.8173135280609132;0.004034959209245261
20261007_130844;Adaptação_200;A;LeveragingBagging;Default_FullFeatures;binary;binary;10.0;1560;100.0;3950;11650;100;5;11650.0;0.0;100.0;0.0;10090.0;0.0;1560.0;0.0;17.15051282284521;0.09774713251251722;10.521489558334705;0.0762162711499422;46.36132315521628;0.1017811704834628;0.1654306852612973;0.0009632823315060507;1549.6;14.705101155721438;210.8;0.4;23.741505098342895;0.241876686434138
20261007_130844;Adaptação_200;A;HoeffdingAdaptiveTree;Default_FullFeatures;binary;binary;10.0;1560;100.0;3950;11650;100;5;11650.0;0.0;100.0;0.0;10090.0;0.0;1560.0;0.0;60.389610389610404;7.105427357601002e-15;83.40807174887892;0.0;47.32824427480916;0.0;0.619274010821159;0.0;37.0;0.0;207.0;0.0;2.08625168800354;0.019559985194488243
20261007_130844;Adaptação_200;A;AdaptiveRandomForest;Default_FullFeatures;binary;binary;10.0;1560;100.0;3950;11650;100;5;11650.0;0.0;100.0;0.0;10090.0;0.0;1560.0;0.0;17.279471600308277;0.08731473319044214;10.621326738725058;0.06589204767867186;46.31043256997455;0.0;0.16670830257308605;0.0009118488902386785;1531.6;10.707007051459339;211.0;0.0;32.04523639678955;1.6571641096959906
20261007_130844;Adaptação_200;A;HoeffdingTree;Default_FullFeatures;binary;binary;10.0;1560;100.0;3950;11650;100;5;11650.0;0.0;100.0;0.0;10090.0;0.0;1560.0;0.0;47.27272727272727;0.0;48.275862068965516;0.0;46.31043256997455;0.0;0.45481992760021395;5.551115123125783e-17;195.0;0.0;211.0;0.0;1.8628340721130372;0.02348542193210486
20261007_130844;Adaptação_200;B;LeveragingBagging;Default_FullFeatures;binary;binary;0.0;0;1.0;3950;11650;100;5;118.6;1.8547236990991407;1.0180257510729613;0.015920375099563507;118.6;1.8547236990991407;0.0;0.0;33.381144358171724;6.238115071689304;26.232162209144263;7.285831373232166;48.54961832061069;1.208584436339737;0.3212553012218574;0.05599503977316745;606.2;250.49103776382898;202.2;4.749736834815167;9.777237462997437;0.25176728017444716
20261007_130844;Adaptação_200;B;HoeffdingAdaptiveTree;Default_FullFeatures;binary;binary;0.0;0;1.0;3950;11650;100;5;118.6;1.8547236990991407;1.0180257510729613;0.015920375099563507;118.6;1.8547236990991407;0.0;0.0;61.84855302896749;2.3143502139858896;75.45857461546748;6.607544317326362;53.43511450381679;7.402787397849639;0.6208966076706935;0.019322696115289018;74.0;40.66939881532551;183.0;29.09295447354909;1.5317137241363525;0.01909230831870918
20261007_130844;Adaptação_200;B;AdaptiveRandomForest;Default_FullFeatures;binary;binary;0.0;0;1.0;3950;11650;100;5;118.6;1.8547236990991407;1.0180257510729613;0.015920375099563507;118.6;1.8547236990991407;0.0;0.0;33.26616339060496;7.628691427992335;24.965805521174484;7.42623044166714;53.078880407124686;7.685320884673721;0.3264020397564671;0.0757527741646705;714.0;312.7401477265111;184.4;30.203311076767726;12.506484317779542;1.1344573909687674
20261007_130844;Adaptação_200;B;HoeffdingTree;Default_FullFeatures;binary;binary;0.0;0;1.0;3950;11650;100;5;118.6;1.8547236990991407;1.0180257510729613;0.015920375099563507;118.6;1.8547236990991407;0.0;0.0;46.694685489092265;4.773449048500847;42.040606777443955;9.671207344458239;56.33587786259542;7.789086283606987;0.4576738979971685;0.042173018533393454;351.6;179.34168505955327;171.6;30.61110909457545;1.527583932876587;0.03600161689264239
20261007_130844;Adaptação_200;B;LeveragingBagging;Default_FullFeatures;binary;binary;0.0;0;3.0;3950;11650;100;5;340.8;6.554387843269575;2.925321888412017;0.05626083985639126;340.8;6.554387843269575;0.0;0.0;49.736630981766055;3.690185398913021;49.7497060994355;7.885790556060738;50.839694656488554;4.892912098410956;0.4823501138846799;0.03985766244919334;213.6;70.46871646340665;193.2;19.229144546755062;10.255001306533813;0.48915257045568594
20261007_130844;Adaptação_200;B;HoeffdingAdaptiveTree;Default_FullFeatures;binary;binary;0.0;0;3.0;3950;11650;100;5;340.8;6.554387843269575;2.925321888412017;0.05626083985639126;340.8;6.554387843269575;0.0;0.0;72.84982006721158;7.2322043087704175;80.65122709935504;4.222268529587069;67.07379134860051;10.265023375174417;0.7253523010494498;0.06864933164824068;63.2;16.678129391511508;129.4;40.34154186443548;1.602929449081421;0.04679134316242549
20261007_130844;Adaptação_200;B;AdaptiveRandomForest;Default_FullFeatures;binary;binary;0.0;0;3.0;3950;11650;100;5;340.8;6.554387843269575;2.925321888412017;0.05626083985639126;340.8;6.554387843269575;0.0;0.0;46.78983073334583;6.115065484216184;41.4635026978647;6.988158687270023;54.50381679389314;7.2479342710961525;0.45270649981615724;0.06330278023464335;311.8;75.90889275967605;178.8;28.484381685407882;13.031486797332764;0.9186674995905878
20261007_130844;Adaptação_200;B;HoeffdingTree;Default_FullFeatures;binary;binary;0.0;0;3.0;3950;11650;100;5;340.8;6.554387843269575;2.925321888412017;0.05626083985639126;340.8;6.554387843269575;0.0;0.0;52.990184745343086;1.5703848268939875;50.71402344910272;6.679846265154772;57.45547073791348;7.591742815759394;0.5181109776691013;0.01633911377990595;233.4;81.276318814277;167.2;29.83554926593442;1.6012470245361328;0.02631597055152773
20261007_130844;Adaptação_200;B;LeveragingBagging;Default_FullFeatures;binary;binary;0.0;0;5.0;3950;11650;100;5;582.6;6.711184694225007;5.0008583690987125;0.05760673557274671;582.6;6.711184694225007;0.0;0.0;62.18660041058877;5.244220764144997;65.8330475966764;8.891884091714207;59.898218829516544;6.613035251397561;0.6127839872596963;0.05437247548467281;130.2;61.05538469291631;157.6;25.989228537992428;10.7374773979187;0.3160994718254335
20261007_130844;Adaptação_200;B;HoeffdingAdaptiveTree;Default_FullFeatures;binary;binary;0.0;0;5.0;3950;11650;100;5;582.6;6.711184694225007;5.0008583690987125;0.05760673557274671;582.6;6.711184694225007;0.0;0.0;67.7878428313222;4.711381770594312;77.48422757871045;8.48284782193391;61.5267175572519;8.204913418945612;0.6768810092014178;0.04466332514223878;77.8;52.422895761298804;151.2;32.24530973645625;1.6305216789245605;0.06563399134109445
20261007_130844;Adaptação_200;B;AdaptiveRandomForest;Default_FullFeatures;binary;binary;0.0;0;5.0;3950;11650;100;5;582.6;6.711184694225007;5.0008583690987125;0.05760673557274671;582.6;6.711184694225007;0.0;0.0;52.328279093410174;4.452869725571288;56.32459845621546;6.312319987493663;49.36386768447837;6.019304346083438;0.5104465777310446;0.04700734001762925;153.8;39.19897957855536;199.0;23.65586608010791;13.172360229492188;1.5270874873939648
20261007_130844;Adaptação_200;B;HoeffdingTree;Default_FullFeatures;binary;binary;0.0;0;5.0;3950;11650;100;5;582.6;6.711184694225007;5.0008583690987125;0.05760673557274671;582.6;6.711184694225007;0.0;0.0;61.13293833216036;5.161287065631154;62.41119697365097;6.151461717509035;61.06870229007634;8.833585382164282;0.6011642582186507;0.050881065929963054;150.2;52.94298820429387;153.0;34.71599055190562;1.6101806640625;0.021732679115657433
20261007_130844;Adaptação_200;B;LeveragingBagging;Default_FullFeatures;binary;binary;0.0;0;10.0;3950;11650;100;5;1176.4;17.77188791321845;10.097854077253219;0.15254839410487897;1176.4;17.77188791321845;0.0;0.0;76.78367532415602;4.14868512335826;77.8090814304037;3.7565153516798673;76.08142493638677;6.58241736570179;0.7607248336021318;0.042645386251399665;85.8;17.98221343439122;94.0;25.868900247208035;11.833113431930542;0.3688920992384748
20261007_130844;Adaptação_200;B;HoeffdingAdaptiveTree;Default_FullFeatures;binary;binary;0.0;0;10.0;3950;11650;100;5;1176.4;17.77188791321845;10.097854077253219;0.15254839410487897;1176.4;17.77188791321845;0.0;0.0;80.73561565335544;3.709975509518909;83.95314069495365;2.305860631470885;77.96437659033079;6.188177982016243;0.8021140885245245;0.0376545030691453;58.6;9.562426470305537;86.6;24.319539469323836;1.776164960861206;0.08085908456529624
20261007_130844;Adaptação_200;B;AdaptiveRandomForest;Default_FullFeatures;binary;binary;0.0;0;10.0;3950;11650;100;5;1176.4;17.77188791321845;10.097854077253219;0.15254839410487897;1176.4;17.77188791321845;0.0;0.0;70.21840761249234;5.503395046461257;75.26345689135431;4.0303102154356605;66.46310432569975;9.094191723836367;0.6959574473155588;0.05380514662354309;86.8;23.20689552697646;131.8;35.74017347467693;14.227515363693238;1.4176479318572923
20261007_130844;Adaptação_200;B;HoeffdingTree;Default_FullFeatures;binary;binary;0.0;0;10.0;3950;11650;100;5;1176.4;17.77188791321845;10.097854077253219;0.15254839410487897;1176.4;17.77188791321845;0.0;0.0;75.00467490038807;4.98868352850979;74.72378614237132;7.594622447825409;76.08142493638677;6.67617758721939;0.7433019020499749;0.050690659460057526;106.4;49.2934072670981;94.0;26.237377917772193;1.6402151107788085;0.11828473080496982
20261007_130844;Adaptação_200;B;LeveragingBagging;Default_FullFeatures;binary;binary;0.0;0;30.0;3950;11650;100;5;3531.4;29.499830507987667;30.312446351931335;0.25321742925311236;3531.4;29.499830507987667;0.0;0.0;79.9731872211558;1.2067314245002108;87.01850404742547;2.687424615757051;74.04580152671755;1.576787112959761;0.7962633477809783;0.01300293783121925;43.8;10.571660229122008;102.0;6.196773353931867;15.936418914794922;0.5060164345078689
20261007_130844;Adaptação_200;B;HoeffdingAdaptiveTree;Default_FullFeatures;binary;binary;0.0;0;30.0;3950;11650;100;5;3531.4;29.499830507987667;30.312446351931335;0.25321742925311236;3531.4;29.499830507987667;0.0;0.0;88.55134738801576;3.5258113310347308;91.12535019712062;4.454231684299221;86.31043256997455;4.629085512983949;0.8825165176388658;0.03601368338656372;33.8;18.529975715040752;53.8;18.192306066026923;1.9399024486541747;0.049987306068344
20261007_130844;Adaptação_200;B;AdaptiveRandomForest;Default_FullFeatures;binary;binary;0.0;0;30.0;3950;11650;100;5;3531.4;29.499830507987667;30.312446351931335;0.25321742925311236;3531.4;29.499830507987667;0.0;0.0;86.665278982919;3.0138883143716995;86.49503360278072;3.666649114344245;86.87022900763358;2.7994447917506537;0.8620728078484406;0.031266318024170126;53.6;15.186836405255704;51.6;11.001818031580054;18.37536177635193;0.7291966936059207
20261007_130844;Adaptação_200;B;HoeffdingTree;Default_FullFeatures;binary;binary;0.0;0;30.0;3950;11650;100;5;3531.4;29.499830507987667;30.312446351931335;0.25321742925311236;3531.4;29.499830507987667;0.0;0.0;90.49650464220784;0.9105847667288627;91.68164697027176;1.662659332266556;89.36386768447838;1.0101492743653517;0.9018292466004396;0.009492236694847802;32.0;7.014271166700073;41.8;3.9698866482558417;1.7543031692504882;0.03414844903876696
20261007_130844;Adaptação_200;B;LeveragingBagging;Default_FullFeatures;binary;binary;0.0;0;100.0;3950;11650;100;5;11650.0;0.0;100.0;0.0;11650.0;0.0;0.0;0.0;89.94249916630346;0.35033716913933793;95.64343396403062;0.31772123923898105;84.8854961832061;0.5934811088901071;0.8978396441445969;0.0034701540946825526;15.2;1.1661903789690602;59.4;2.3323807579381204;22.6786190032959;0.516053878040956
20261007_130844;Adaptação_200;B;HoeffdingAdaptiveTree;Default_FullFeatures;binary;binary;0.0;0;100.0;3950;11650;100;5;11650.0;0.0;100.0;0.0;11650.0;0.0;0.0;0.0;94.67005076142132;0.0;94.43037974683544;0.0;94.91094147582697;0.0;0.9448381084233851;0.0;22.0;0.0;20.0;0.0;2.067254161834717;0.04241164865096836
20261007_130844;Adaptação_200;B;AdaptiveRandomForest;Default_FullFeatures;binary;binary;0.0;0;100.0;3950;11650;100;5;11650.0;0.0;100.0;0.0;11650.0;0.0;0.0;0.0;94.74388217983696;0.5148932255448975;94.98679392184137;0.38675907933034853;94.50381679389314;0.7304173076034233;0.9456166564727351;0.005324783114211379;19.6;1.4966629547095764;21.6;2.870540018881465;28.28062686920166;0.8056053381889043
20261007_130844;Adaptação_200;B;HoeffdingTree;Default_FullFeatures;binary;binary;0.0;0;100.0;3950;11650;100;5;11650.0;0.0;100.0;0.0;11650.0;0.0;0.0;0.0;85.997171145686;0.0;96.81528662420382;0.0;77.35368956743002;0.0;0.8613801606392304;0.0;10.0;0.0;89.0;0.0;1.8435984134674073;0.030233624113254687
20261007_130844;Adaptação_200;C;LeveragingBagging;Default_FullFeatures;binary;binary;0.0;0;1.0;3950;11650;100;5;118.6;1.8547236990991407;1.0180257510729613;0.015920375099563507;118.6;1.8547236990991407;0.0;0.0;33.381144358171724;6.238115071689304;26.232162209144263;7.285831373232166;48.54961832061069;1.208584436339737;0.3212553012218574;0.05599503977316745;606.2;250.49103776382898;202.2;4.749736834815167;9.777237462997437;0.25176728017444716
20261007_130844;Adaptação_200;C;HoeffdingAdaptiveTree;Default_FullFeatures;binary;binary;0.0;0;1.0;3950;11650;100;5;118.6;1.8547236990991407;1.0180257510729613;0.015920375099563507;118.6;1.8547236990991407;0.0;0.0;61.84855302896749;2.3143502139858896;75.45857461546748;6.607544317326362;53.43511450381679;7.402787397849639;0.6208966076706935;0.019322696115289018;74.0;40.66939881532551;183.0;29.09295447354909;1.5317137241363525;0.01909230831870918
20261007_130844;Adaptação_200;C;AdaptiveRandomForest;Default_FullFeatures;binary;binary;0.0;0;1.0;3950;11650;100;5;118.6;1.8547236990991407;1.0180257510729613;0.015920375099563507;118.6;1.8547236990991407;0.0;0.0;33.26616339060496;7.628691427992335;24.965805521174484;7.42623044166714;53.078880407124686;7.685320884673721;0.3264020397564671;0.0757527741646705;714.0;312.7401477265111;184.4;30.203311076767726;12.506484317779542;1.1344573909687674
20261007_130844;Adaptação_200;C;HoeffdingTree;Default_FullFeatures;binary;binary;0.0;0;1.0;3950;11650;100;5;118.6;1.8547236990991407;1.0180257510729613;0.015920375099563507;118.6;1.8547236990991407;0.0;0.0;46.694685489092265;4.773449048500847;42.040606777443955;9.671207344458239;56.33587786259542;7.789086283606987;0.4576738979971685;0.042173018533393454;351.6;179.34168505955327;171.6;30.61110909457545;1.527583932876587;0.03600161689264239
20261007_130844;Adaptação_200;C;LeveragingBagging;Default_FullFeatures;binary;binary;0.0;0;3.0;3950;11650;100;5;340.8;6.554387843269575;2.925321888412017;0.05626083985639126;340.8;6.554387843269575;0.0;0.0;49.736630981766055;3.690185398913021;49.7497060994355;7.885790556060738;50.839694656488554;4.892912098410956;0.4823501138846799;0.03985766244919334;213.6;70.46871646340665;193.2;19.229144546755062;10.255001306533813;0.48915257045568594
20261007_130844;Adaptação_200;C;HoeffdingAdaptiveTree;Default_FullFeatures;binary;binary;0.0;0;3.0;3950;11650;100;5;340.8;6.554387843269575;2.925321888412017;0.05626083985639126;340.8;6.554387843269575;0.0;0.0;72.84982006721158;7.2322043087704175;80.65122709935504;4.222268529587069;67.07379134860051;10.265023375174417;0.7253523010494498;0.06864933164824068;63.2;16.678129391511508;129.4;40.34154186443548;1.602929449081421;0.04679134316242549
20261007_130844;Adaptação_200;C;AdaptiveRandomForest;Default_FullFeatures;binary;binary;0.0;0;3.0;3950;11650;100;5;340.8;6.554387843269575;2.925321888412017;0.05626083985639126;340.8;6.554387843269575;0.0;0.0;46.78983073334583;6.115065484216184;41.4635026978647;6.988158687270023;54.50381679389314;7.2479342710961525;0.45270649981615724;0.06330278023464335;311.8;75.90889275967605;178.8;28.484381685407882;13.031486797332764;0.9186674995905878
20261007_130844;Adaptação_200;C;HoeffdingTree;Default_FullFeatures;binary;binary;0.0;0;3.0;3950;11650;100;5;340.8;6.554387843269575;2.925321888412017;0.05626083985639126;340.8;6.554387843269575;0.0;0.0;52.990184745343086;1.5703848268939875;50.71402344910272;6.679846265154772;57.45547073791348;7.591742815759394;0.5181109776691013;0.01633911377990595;233.4;81.276318814277;167.2;29.83554926593442;1.6012470245361328;0.02631597055152773
20261007_130844;Adaptação_200;C;LeveragingBagging;Default_FullFeatures;binary;binary;0.0;0;5.0;3950;11650;100;5;582.6;6.711184694225007;5.0008583690987125;0.05760673557274671;582.6;6.711184694225007;0.0;0.0;62.18660041058877;5.244220764144997;65.8330475966764;8.891884091714207;59.898218829516544;6.613035251397561;0.6127839872596963;0.05437247548467281;130.2;61.05538469291631;157.6;25.989228537992428;10.7374773979187;0.3160994718254335
20261007_130844;Adaptação_200;C;HoeffdingAdaptiveTree;Default_FullFeatures;binary;binary;0.0;0;5.0;3950;11650;100;5;582.6;6.711184694225007;5.0008583690987125;0.05760673557274671;582.6;6.711184694225007;0.0;0.0;67.7878428313222;4.711381770594312;77.48422757871045;8.48284782193391;61.5267175572519;8.204913418945612;0.6768810092014178;0.04466332514223878;77.8;52.422895761298804;151.2;32.24530973645625;1.6305216789245605;0.06563399134109445
20261007_130844;Adaptação_200;C;AdaptiveRandomForest;Default_FullFeatures;binary;binary;0.0;0;5.0;3950;11650;100;5;582.6;6.711184694225007;5.0008583690987125;0.05760673557274671;582.6;6.711184694225007;0.0;0.0;52.328279093410174;4.452869725571288;56.32459845621546;6.312319987493663;49.36386768447837;6.019304346083438;0.5104465777310446;0.04700734001762925;153.8;39.19897957855536;199.0;23.65586608010791;13.172360229492188;1.5270874873939648
20261007_130844;Adaptação_200;C;HoeffdingTree;Default_FullFeatures;binary;binary;0.0;0;5.0;3950;11650;100;5;582.6;6.711184694225007;5.0008583690987125;0.05760673557274671;582.6;6.711184694225007;0.0;0.0;61.13293833216036;5.161287065631154;62.41119697365097;6.151461717509035;61.06870229007634;8.833585382164282;0.6011642582186507;0.050881065929963054;150.2;52.94298820429387;153.0;34.71599055190562;1.6101806640625;0.021732679115657433
20261007_130844;Adaptação_200;C;LeveragingBagging;Default_FullFeatures;binary;binary;0.0;0;10.0;3950;11650;100;5;1176.4;17.77188791321845;10.097854077253219;0.15254839410487897;1176.4;17.77188791321845;0.0;0.0;76.78367532415602;4.14868512335826;77.8090814304037;3.7565153516798673;76.08142493638677;6.58241736570179;0.7607248336021318;0.042645386251399665;85.8;17.98221343439122;94.0;25.868900247208035;11.833113431930542;0.3688920992384748
20261007_130844;Adaptação_200;C;HoeffdingAdaptiveTree;Default_FullFeatures;binary;binary;0.0;0;10.0;3950;11650;100;5;1176.4;17.77188791321845;10.097854077253219;0.15254839410487897;1176.4;17.77188791321845;0.0;0.0;80.73561565335544;3.709975509518909;83.95314069495365;2.305860631470885;77.96437659033079;6.188177982016243;0.8021140885245245;0.0376545030691453;58.6;9.562426470305537;86.6;24.319539469323836;1.776164960861206;0.08085908456529624
20261007_130844;Adaptação_200;C;AdaptiveRandomForest;Default_FullFeatures;binary;binary;0.0;0;10.0;3950;11650;100;5;1176.4;17.77188791321845;10.097854077253219;0.15254839410487897;1176.4;17.77188791321845;0.0;0.0;70.21840761249234;5.503395046461257;75.26345689135431;4.0303102154356605;66.46310432569975;9.094191723836367;0.6959574473155588;0.05380514662354309;86.8;23.20689552697646;131.8;35.74017347467693;14.227515363693238;1.4176479318572923
20261007_130844;Adaptação_200;C;HoeffdingTree;Default_FullFeatures;binary;binary;0.0;0;10.0;3950;11650;100;5;1176.4;17.77188791321845;10.097854077253219;0.15254839410487897;1176.4;17.77188791321845;0.0;0.0;75.00467490038807;4.98868352850979;74.72378614237132;7.594622447825409;76.08142493638677;6.67617758721939;0.7433019020499749;0.050690659460057526;106.4;49.2934072670981;94.0;26.237377917772193;1.6402151107788085;0.11828473080496982
20261007_130844;Adaptação_200;C;LeveragingBagging;Default_FullFeatures;binary;binary;0.0;0;30.0;3950;11650;100;5;3531.4;29.499830507987667;30.312446351931335;0.25321742925311236;3531.4;29.499830507987667;0.0;0.0;79.9731872211558;1.2067314245002108;87.01850404742547;2.687424615757051;74.04580152671755;1.576787112959761;0.7962633477809783;0.01300293783121925;43.8;10.571660229122008;102.0;6.196773353931867;15.936418914794922;0.5060164345078689
20261007_130844;Adaptação_200;C;HoeffdingAdaptiveTree;Default_FullFeatures;binary;binary;0.0;0;30.0;3950;11650;100;5;3531.4;29.499830507987667;30.312446351931335;0.25321742925311236;3531.4;29.499830507987667;0.0;0.0;88.55134738801576;3.5258113310347308;91.12535019712062;4.454231684299221;86.31043256997455;4.629085512983949;0.8825165176388658;0.03601368338656372;33.8;18.529975715040752;53.8;18.192306066026923;1.9399024486541747;0.049987306068344
20261007_130844;Adaptação_200;C;AdaptiveRandomForest;Default_FullFeatures;binary;binary;0.0;0;30.0;3950;11650;100;5;3531.4;29.499830507987667;30.312446351931335;0.25321742925311236;3531.4;29.499830507987667;0.0;0.0;86.665278982919;3.0138883143716995;86.49503360278072;3.666649114344245;86.87022900763358;2.7994447917506537;0.8620728078484406;0.031266318024170126;53.6;15.186836405255704;51.6;11.001818031580054;18.37536177635193;0.7291966936059207
20261007_130844;Adaptação_200;C;HoeffdingTree;Default_FullFeatures;binary;binary;0.0;0;30.0;3950;11650;100;5;3531.4;29.499830507987667;30.312446351931335;0.25321742925311236;3531.4;29.499830507987667;0.0;0.0;90.49650464220784;0.9105847667288627;91.68164697027176;1.662659332266556;89.36386768447838;1.0101492743653517;0.9018292466004396;0.009492236694847802;32.0;7.014271166700073;41.8;3.9698866482558417;1.7543031692504882;0.03414844903876696
20261007_130844;Adaptação_200;C;LeveragingBagging;Default_FullFeatures;binary;binary;0.0;0;100.0;3950;11650;100;5;11650.0;0.0;100.0;0.0;11650.0;0.0;0.0;0.0;89.94249916630346;0.35033716913933793;95.64343396403062;0.31772123923898105;84.8854961832061;0.5934811088901071;0.8978396441445969;0.0034701540946825526;15.2;1.1661903789690602;59.4;2.3323807579381204;22.6786190032959;0.516053878040956
20261007_130844;Adaptação_200;C;HoeffdingAdaptiveTree;Default_FullFeatures;binary;binary;0.0;0;100.0;3950;11650;100;5;11650.0;0.0;100.0;0.0;11650.0;0.0;0.0;0.0;94.67005076142132;0.0;94.43037974683544;0.0;94.91094147582697;0.0;0.9448381084233851;0.0;22.0;0.0;20.0;0.0;2.067254161834717;0.04241164865096836
20261007_130844;Adaptação_200;C;AdaptiveRandomForest;Default_FullFeatures;binary;binary;0.0;0;100.0;3950;11650;100;5;11650.0;0.0;100.0;0.0;11650.0;0.0;0.0;0.0;94.74388217983696;0.5148932255448975;94.98679392184137;0.38675907933034853;94.50381679389314;0.7304173076034233;0.9456166564727351;0.005324783114211379;19.6;1.4966629547095764;21.6;2.870540018881465;28.28062686920166;0.8056053381889043
20261007_130844;Adaptação_200;C;HoeffdingTree;Default_FullFeatures;binary;binary;0.0;0;100.0;3950;11650;100;5;11650.0;0.0;100.0;0.0;11650.0;0.0;0.0;0.0;85.997171145686;0.0;96.81528662420382;0.0;77.35368956743002;0.0;0.8613801606392304;0.0;10.0;0.0;89.0;0.0;1.8435984134674073;0.030233624113254687
20261007_130844;Adaptação_200;C;LeveragingBagging;Default_FullFeatures;binary;binary;1.0;156;1.0;3950;11650;100;5;118.6;1.8547236990991407;1.0180257510729613;0.015920375099563507;117.4;2.8705400188814645;1.2;1.1661903789690602;29.394375089699526;4.738095922336894;21.46737606386916;4.929553285010228;48.54961832061069;1.208584436339737;0.2845080593627805;0.04217270664321193;752.8;239.10198660822542;202.2;4.749736834815167;9.698835802078246;0.18333918353276082
20261007_130844;Adaptação_200;C;HoeffdingAdaptiveTree;Default_FullFeatures;binary;binary;1.0;156;1.0;3950;11650;100;5;118.6;1.8547236990991407;1.0180257510729613;0.015920375099563507;117.4;2.8705400188814645;1.2;1.1661903789690602;59.35560958848348;2.5320559367683697;74.13815368561299;8.890651592674002;49.92366412213741;1.119592875318068;0.5957755913019115;0.0342639421391377;73.8;40.6762830160279;196.8;4.3999999999999995;1.5660490989685059;0.03808126610633973
20261007_130844;Adaptação_200;C;AdaptiveRandomForest;Default_FullFeatures;binary;binary;1.0;156;1.0;3950;11650;100;5;118.6;1.8547236990991407;1.0180257510729613;0.015920375099563507;117.4;2.8705400188814645;1.2;1.1661903789690602;27.78243306411111;5.316185986187695;19.663162941537422;5.079146873449556;49.72010178117049;0.9735942223770478;0.2712081709925678;0.048996221018603334;878.0;315.87339235839414;197.6;3.8262252939417984;10.414088726043701;0.6470305913034804
20261007_130844;Adaptação_200;C;HoeffdingTree;Default_FullFeatures;binary;binary;1.0;156;1.0;3950;11650;100;5;118.6;1.8547236990991407;1.0180257510729613;0.015920375099563507;117.4;2.8705400188814645;1.2;1.1661903789690602;40.96639972958758;5.876831374126057;36.312725361878364;9.064267813368721;49.16030534351146;1.8517460965557535;0.3939028050350995;0.05511147678741451;381.4;166.6152454008936;199.8;7.277362159464102;1.5830721855163574;0.04675504796894003
20261007_130844;Adaptação_200;C;LeveragingBagging;Default_FullFeatures;binary;binary;1.0;156;3.0;3950;11650;100;5;340.8;6.554387843269575;2.925321888412017;0.05626083985639126;337.4;6.651315659326356;3.4;0.8;39.460393681962174;2.6734073265619274;33.906861106661566;3.7239716011272646;47.53180661577609;1.0843397329599236;0.3759875606917046;0.02567128671820773;371.2;65.38011930243015;206.2;4.261455150532503;10.287150669097901;0.5016323570203082
20261007_130844;Adaptação_200;C;HoeffdingAdaptiveTree;Default_FullFeatures;binary;binary;1.0;156;3.0;3950;11650;100;5;340.8;6.554387843269575;2.925321888412017;0.05626083985639126;337.4;6.651315659326356;3.4;0.8;60.07845653879866;2.180603794316383;75.57792970699184;5.089842892845733;49.92366412213741;1.119592875318068;0.6034556158259298;0.02627274782847634;64.4;17.258041603843697;196.8;4.3999999999999995;1.5965266704559327;0.03788495851830374
20261007_130844;Adaptação_200;C;AdaptiveRandomForest;Default_FullFeatures;binary;binary;1.0;156;3.0;3950;11650;100;5;340.8;6.554387843269575;2.925321888412017;0.05626083985639126;337.4;6.651315659326356;3.4;0.8;36.22565403679302;2.0379955426080105;29.180942383901304;2.6653295082748882;48.040712468193384;1.424936386768449;0.34606170601420294;0.019195696765469703;463.6;59.77491112498621;204.2;5.6;11.464570760726929;0.796036804655623
20261007_130844;Adaptação_200;C;HoeffdingTree;Default_FullFeatures;binary;binary;1.0;156;3.0;3950;11650;100;5;340.8;6.554387843269575;2.925321888412017;0.05626083985639126;337.4;6.651315659326356;3.4;0.8;46.137704317037716;3.786192609010717;44.52810988151071;7.539908804180808;48.75318066157761;1.221374045801528;0.44399100303684047;0.03903453278409332;252.6;79.27319849734839;201.4;4.800000000000001;1.5301260948181152;0.016252588395305308
20261007_130844;Adaptação_200;C;LeveragingBagging;Default_FullFeatures;binary;binary;1.0;156;5.0;3950;11650;100;5;582.6;6.711184694225007;5.0008583690987125;0.05760673557274671;575.6;8.01498596380555;7.0;2.3664319132398464;43.39890465821979;3.0731521358212626;40.67851535056809;5.036463120597225;46.8702290076336;0.2967405544450517;0.41453123851899354;0.03099686853119333;275.8;59.6469613643478;208.8;1.1661903789690602;10.745589351654052;0.4586625261644056
20261007_130844;Adaptação_200;C;HoeffdingAdaptiveTree;Default_FullFeatures;binary;binary;1.0;156;5.0;3950;11650;100;5;582.6;6.711184694225007;5.0008583690987125;0.05760673557274671;575.6;8.01498596380555;7.0;2.3664319132398464;58.889353938768316;4.2378234947864035;73.90900573981864;11.214297748384123;49.465648854961835;0.20356234096692277;0.5915430159878093;0.05215649691428614;76.6;52.815149341831834;198.6;0.8;1.6737447738647462;0.07884904160162808
20261007_130844;Adaptação_200;C;AdaptiveRandomForest;Default_FullFeatures;binary;binary;1.0;156;5.0;3950;11650;100;5;582.6;6.711184694225007;5.0008583690987125;0.05760673557274671;575.6;8.01498596380555;7.0;2.3664319132398464;39.418034955721744;3.969802798663266;35.89477022788752;4.614022629160783;43.91857506361323;3.727887342862582;0.3731980795669696;0.040970796779848793;312.6;49.10234210299953;220.4;14.650597257449949;13.167158031463623;0.38000048055448044
20261007_130844;Adaptação_200;C;HoeffdingTree;Default_FullFeatures;binary;binary;1.0;156;5.0;3950;11650;100;5;582.6;6.711184694225007;5.0008583690987125;0.05760673557274671;575.6;8.01498596380555;7.0;2.3664319132398464;48.85647887933992;3.7443029834325565;52.271109258476166;8.060290053566286;46.412213740458014;0.20356234096692277;0.4740607507302987;0.041588935532575456;176.0;61.556478131874954;210.6;0.8;1.5955286502838135;0.02587093888095132
20261007_130844;Adaptação_200;C;LeveragingBagging;Default_FullFeatures;binary;binary;1.0;156;10.0;3950;11650;100;5;1176.4;17.77188791321845;10.097854077253219;0.15254839410487897;1160.0;16.661332479726823;16.4;3.1368774282716245;47.408754567330135;2.1944447008553927;46.08235545046712;3.023635519907085;48.956743002544535;2.637487739409655;0.4557082999392132;0.02291630885900969;226.6;27.45614685275412;200.6;10.365326815879952;11.79945011138916;0.40335856767860656
20261007_130844;Adaptação_200;C;HoeffdingAdaptiveTree;Default_FullFeatures;binary;binary;1.0;156;10.0;3950;11650;100;5;1176.4;17.77188791321845;10.097854077253219;0.15254839410487897;1160.0;16.661332479726823;16.4;3.1368774282716245;60.582132766980195;3.0479154941703603;76.03521094604528;4.493468892738551;50.43256997455471;3.067820228621176;0.6085336507313039;0.031847687696111224;63.0;14.198591479439079;194.8;12.056533498481226;1.7024476528167725;0.07507783309473995
20261007_130844;Adaptação_200;C;AdaptiveRandomForest;Default_FullFeatures;binary;binary;1.0;156;10.0;3950;11650;100;5;1176.4;17.77188791321845;10.097854077253219;0.15254839410487897;1160.0;16.661332479726823;16.4;3.1368774282716245;32.943310847761055;11.620672060270302;32.70382304164021;10.318149041046803;33.68956743002544;13.4793780827285;0.3077533973367731;0.1185874506328523;260.4;42.87003615580467;260.6;52.97395586512301;13.331675148010254;0.640403788952477
20261007_130844;Adaptação_200;C;HoeffdingTree;Default_FullFeatures;binary;binary;1.0;156;10.0;3950;11650;100;5;1176.4;17.77188791321845;10.097854077253219;0.15254839410487897;1160.0;16.661332479726823;16.4;3.1368774282716245;52.373192674619396;3.76651529377081;58.346908433003776;8.095300261435366;48.040712468193384;2.611832553762108;0.5128110643135854;0.041913554621336946;142.2;53.25936537361293;204.2;10.264501936285074;1.633261251449585;0.0923991042447559
20261007_130844;Adaptação_200;C;LeveragingBagging;Default_FullFeatures;binary;binary;1.0;156;30.0;3950;11650;100;5;3531.4;29.499830507987667;30.312446351931335;0.25321742925311236;3482.0;28.049955436684744;49.4;3.9799497484264794;51.117150628369636;0.8548234590179209;52.398329249602206;1.0803070505182089;49.9236641221374;1.28139219460704;0.4947609843994324;0.008695576744918814;178.4;9.068627239003707;196.8;5.035871324805668;15.88418207168579;0.3935658705928147
20261007_130844;Adaptação_200;C;HoeffdingAdaptiveTree;Default_FullFeatures;binary;binary;1.0;156;30.0;3950;11650;100;5;3531.4;29.499830507987667;30.312446351931335;0.25321742925311236;3482.0;28.049955436684744;49.4;3.9799497484264794;38.838100889625984;23.53284378700541;68.26312463789854;20.556640712158057;28.804071246819337;20.46054698043624;0.42187596587985504;0.2224886765592761;35.6;18.8;279.8;80.40994963311444;1.8942681312561036;0.04326382966226096
20261007_130844;Adaptação_200;C;AdaptiveRandomForest;Default_FullFeatures;binary;binary;1.0;156;30.0;3950;11650;100;5;3531.4;29.499830507987667;30.312446351931335;0.25321742925311236;3482.0;28.049955436684744;49.4;3.9799497484264794;41.61036908212343;13.642863597023808;40.831116054693965;12.956609948367396;42.54452926208651;14.441991347783052;0.39607474540238635;0.14019540836948663;235.0;37.76241517699841;225.8;56.75702599678739;18.6384578704834;1.05212584483799
20261007_130844;Adaptação_200;C;HoeffdingTree;Default_FullFeatures;binary;binary;1.0;156;30.0;3950;11650;100;5;3531.4;29.499830507987667;30.312446351931335;0.25321742925311236;3482.0;28.049955436684744;49.4;3.9799497484264794;63.19546329310204;2.4306944646774906;77.33887928685849;3.815617933351459;53.43511450381679;1.6801602055184934;0.6328241746602319;0.026644917991443466;61.8;11.7881296226331;183.0;6.603029607687671;1.7776754379272461;0.052065456985353184
20261007_130844;Adaptação_200;C;LeveragingBagging;Default_FullFeatures;binary;binary;1.0;156;100.0;3950;11650;100;5;11650.0;0.0;100.0;0.0;11494.0;0.0;156.0;0.0;53.57937519463526;0.19065217607080728;54.629800035392556;0.37610307606468346;52.56997455470738;0.12465596655385057;0.5200156745211594;0.0020507581855541903;171.6;2.6532998322843198;186.4;0.4898979485566356;22.841032409667967;0.3425989848747155
20261007_130844;Adaptação_200;C;HoeffdingAdaptiveTree;Default_FullFeatures;binary;binary;1.0;156;100.0;3950;11650;100;5;11650.0;0.0;100.0;0.0;11494.0;0.0;156.0;0.0;24.899598393574294;0.0;59.04761904761905;0.0;15.776081424936388;1.7763568394002505e-15;0.29408319329914373;0.0;43.0;0.0;331.0;0.0;2.095673418045044;0.05070649115835829
20261007_130844;Adaptação_200;C;AdaptiveRandomForest;Default_FullFeatures;binary;binary;1.0;156;100.0;3950;11650;100;5;11650.0;0.0;100.0;0.0;11494.0;0.0;156.0;0.0;54.36667166656689;1.7551083317840301;53.548179134962496;3.2705985954464767;55.31806615776081;0.25949208720574035;0.5277759295415055;0.018161832812357937;190.2;26.468094000135334;175.6;1.019803902718557;30.001501512527465;0.8481944375844467
20261007_130844;Adaptação_200;C;HoeffdingTree;Default_FullFeatures;binary;binary;1.0;156;100.0;3950;11650;100;5;11650.0;0.0;100.0;0.0;11494.0;0.0;156.0;0.0;67.3202614379085;0.0;94.06392694063926;0.0;52.41730279898219;0.0;0.6952807936956352;0.0;13.0;0.0;187.0;0.0;1.8936729431152344;0.030359477724086908
20261007_130844;Adaptação_200;C;LeveragingBagging;Default_FullFeatures;binary;binary;5.0;780;1.0;3950;11650;100;5;118.6;1.8547236990991407;1.0180257510729613;0.015920375099563507;111.2;5.635601121442148;7.4;4.586937976471886;20.070045607153823;2.5445725796893726;12.7269026961925;2.0372296187630026;48.54961832061069;1.208584436339737;0.19745991064448082;0.024618005103611666;1351.6;272.6415962394587;202.2;4.749736834815167;9.785526371002197;0.15700789894428616
20261007_130844;Adaptação_200;C;HoeffdingAdaptiveTree;Default_FullFeatures;binary;binary;5.0;780;1.0;3950;11650;100;5;118.6;1.8547236990991407;1.0180257510729613;0.015920375099563507;111.2;5.635601121442148;7.4;4.586937976471886;59.03050377019898;3.2197324153880533;74.14117249045479;9.08425760767301;49.36386768447837;0.0;0.5927423435974621;0.040898372884055186;72.4;38.748419322599474;199.0;0.0;1.541799545288086;0.047816720429570414
20261007_130844;Adaptação_200;C;AdaptiveRandomForest;Default_FullFeatures;binary;binary;5.0;780;1.0;3950;11650;100;5;118.6;1.8547236990991407;1.0180257510729613;0.015920375099563507;111.2;5.635601121442148;7.4;4.586937976471886;19.736351808524837;2.68023665749959;12.415723299623268;2.0656760370472695;49.211195928753185;0.12465596655385057;0.19497898940216113;0.027145084510427388;1414.8;306.0584257948145;199.6;0.4898979485566356;10.097779560089112;0.9576103446051464
20261007_130844;Adaptação_200;C;HoeffdingTree;Default_FullFeatures;binary;binary;5.0;780;1.0;3950;11650;100;5;118.6;1.8547236990991407;1.0180257510729613;0.015920375099563507;111.2;5.635601121442148;7.4;4.586937976471886;37.915849620997434;4.130291115773676;31.559370475272623;5.597239468483862;48.54961832061069;1.1195928753180682;0.3629092791174304;0.03783660582090675;436.4;125.99777775818112;202.2;4.3999999999999995;1.5991528987884522;0.02410244548946778
20261007_130844;Adaptação_200;C;LeveragingBagging;Default_FullFeatures;binary;binary;5.0;780;3.0;3950;11650;100;5;340.8;6.554387843269575;2.925321888412017;0.05626083985639126;319.6;9.32952303175248;21.2;2.9257477676655586;24.437086878673927;1.3143624944951828;16.466873056806037;1.1556804364899431;47.53180661577609;1.0843397329599236;0.237928547822912;0.012817853205860716;953.0;79.99499984374023;206.2;4.261455150532503;10.170561790466309;0.4478426929012549
20261007_130844;Adaptação_200;C;HoeffdingAdaptiveTree;Default_FullFeatures;binary;binary;5.0;780;3.0;3950;11650;100;5;340.8;6.554387843269575;2.925321888412017;0.05626083985639126;319.6;9.32952303175248;21.2;2.9257477676655586;58.34872987751635;2.3089329772414926;71.73418595323683;7.033727288425924;49.36386768447837;0.0;0.582914597404318;0.030583673144573494;79.0;26.099808428415717;199.0;0.0;1.6204069614410401;0.050541995554743396
20261007_130844;Adaptação_200;C;AdaptiveRandomForest;Default_FullFeatures;binary;binary;5.0;780;3.0;3950;11650;100;5;340.8;6.554387843269575;2.925321888412017;0.05626083985639126;319.6;9.32952303175248;21.2;2.9257477676655586;23.180166152326574;1.004281171387361;15.291582683141751;0.8749809216375503;48.040712468193384;1.424936386768449;0.22707235645871565;0.009874309496304415;1050.0;77.89223324568374;204.2;5.6;11.240238094329834;0.6496442048630627
20261007_130844;Adaptação_200;C;HoeffdingTree;Default_FullFeatures;binary;binary;5.0;780;3.0;3950;11650;100;5;340.8;6.554387843269575;2.925321888412017;0.05626083985639126;319.6;9.32952303175248;21.2;2.9257477676655586;41.18172157571802;3.840805537729417;36.03595143590867;6.1822951409884785;48.956743002544535;0.8142493638676854;0.39437030883482993;0.036851495981936336;357.8;93.09865734799831;200.6;3.1999999999999997;1.5315729141235352;0.03714691757755956
20261007_130844;Adaptação_200;C;LeveragingBagging;Default_FullFeatures;binary;binary;5.0;780;5.0;3950;11650;100;5;582.6;6.711184694225007;5.0008583690987125;0.05760673557274671;550.0;10.198039027185569;32.6;3.878143885933063;25.843734009676087;1.1164999782593212;17.87082190371986;1.038979196620971;46.76844783715013;0.1904151341869679;0.24968617691857267;0.01041126092329116;848.2;60.90123151464181;209.2;0.7483314773547882;10.752691268920898;0.30928449700075417
20261007_130844;Adaptação_200;C;HoeffdingAdaptiveTree;Default_FullFeatures;binary;binary;5.0;780;5.0;3950;11650;100;5;582.6;6.711184694225007;5.0008583690987125;0.05760673557274671;550.0;10.198039027185569;32.6;3.878143885933063;58.46995804681656;4.098290705717648;72.81621059075606;11.02220098638589;49.36386768447837;0.0;0.5862410969202054;0.05074483777899712;80.2;51.55346739066151;199.0;0.0;1.6270265102386474;0.03764209251638434
20261007_130844;Adaptação_200;C;AdaptiveRandomForest;Default_FullFeatures;binary;binary;5.0;780;5.0;3950;11650;100;5;582.6;6.711184694225007;5.0008583690987125;0.05760673557274671;550.0;10.198039027185569;32.6;3.878143885933063;25.133167066327804;0.810653794270764;17.234729416593254;0.7553036578571922;46.463104325699746;0.30534351145038274;0.242724944362647;0.007500725925624453;879.0;48.41487374764082;210.4;1.2;12.258353471755981;0.464792969271558
20261007_130844;Adaptação_200;C;HoeffdingTree;Default_FullFeatures;binary;binary;5.0;780;5.0;3950;11650;100;5;582.6;6.711184694225007;5.0008583690987125;0.05760673557274671;550.0;10.198039027185569;32.6;3.878143885933063;45.394114447143444;2.929508787671633;44.18715190379861;5.481294008759303;47.12468193384224;1.1869622177802153;0.4354251923667355;0.030057264867093633;241.6;60.66168477713094;207.8;4.66476151587624;1.5159902095794677;0.02371952315707942
20261007_130844;Adaptação_200;C;LeveragingBagging;Default_FullFeatures;binary;binary;5.0;780;10.0;3950;11650;100;5;1176.4;17.77188791321845;10.097854077253219;0.15254839410487897;1101.6;18.456435192094922;74.8;3.9698866482558417;26.588132698750986;0.7408688177690365;18.564542298847364;0.7005342662601843;46.87022900763359;0.1904151341869679;0.25665464900779866;0.00691076082917221;809.4;37.29664864300813;208.8;0.7483314773547882;11.421755123138428;0.45386915509230014
20261007_130844;Adaptação_200;C;HoeffdingAdaptiveTree;Default_FullFeatures;binary;binary;5.0;780;10.0;3950;11650;100;5;1176.4;17.77188791321845;10.097854077253219;0.15254839410487897;1101.6;18.456435192094922;74.8;3.9698866482558417;58.5315439622585;3.4588281822680527;73.71844627008737;7.524972815399004;48.65139949109415;1.4249363867684481;0.5873943591874969;0.04115157164763791;70.4;27.163210414087654;201.8;5.6;1.6862700939178468;0.04913622442578962
20261007_130844;Adaptação_200;C;AdaptiveRandomForest;Default_FullFeatures;binary;binary;5.0;780;10.0;3950;11650;100;5;1176.4;17.77188791321845;10.097854077253219;0.15254839410487897;1101.6;18.456435192094922;74.8;3.9698866482558417;24.57158696105352;1.470978857921803;17.088002281163465;1.0605560664555922;43.76590330788804;2.7873921501535164;0.2335477614084081;0.017302584322813137;835.2;37.58403916558198;221.0;10.954451150103322;13.182453203201295;0.648670598758422
20261007_130844;Adaptação_200;C;HoeffdingTree;Default_FullFeatures;binary;binary;5.0;780;10.0;3950;11650;100;5;1176.4;17.77188791321845;10.097854077253219;0.15254839410487897;1101.6;18.456435192094922;74.8;3.9698866482558417;45.1041609243221;3.4420790960273107;44.437953011417754;6.6351455396956;46.31043256997455;0.0;0.43263786396396825;0.03647814031924664;236.8;62.88847271161861;211.0;0.0;1.6379854679107666;0.07299831293421874
20261007_130844;Adaptação_200;C;LeveragingBagging;Default_FullFeatures;binary;binary;5.0;780;30.0;3950;11650;100;5;3531.4;29.499830507987667;30.312446351931335;0.25321742925311236;3298.0;30.809089567853185;233.4;10.365326815879952;27.42115007341996;0.3027939687249312;19.441969345212165;0.28280216946731035;46.51399491094147;0.19041513418697092;0.26369882226952335;0.002950553295013257;757.6;12.126005112979295;210.2;0.7483314773547883;15.501375961303712;0.24121646281068396
20261007_130844;Adaptação_200;C;HoeffdingAdaptiveTree;Default_FullFeatures;binary;binary;5.0;780;30.0;3950;11650;100;5;3531.4;29.499830507987667;30.312446351931335;0.25321742925311236;3298.0;30.809089567853185;233.4;10.365326815879952;36.06896347859488;29.530221723484363;50.66689109901314;41.771433685259126;28.040712468193384;22.91229565440119;0.36685245182974724;0.310112567543479;39.0;18.867962264113206;282.8;90.04532192179668;1.8666574954986572;0.06920233012984153
20261007_130844;Adaptação_200;C;AdaptiveRandomForest;Default_FullFeatures;binary;binary;5.0;780;30.0;3950;11650;100;5;3531.4;29.499830507987667;30.312446351931335;0.25321742925311236;3298.0;30.809089567853185;233.4;10.365326815879952;20.302168337636832;7.857538104023899;14.27202319999138;5.472079445130794;35.165394402035616;13.922458766629614;0.18197324315478575;0.09227229569051375;823.0;36.91612113968638;254.8;54.71526295285439;17.54478735923767;0.49411207205766916
20261007_130844;Adaptação_200;C;HoeffdingTree;Default_FullFeatures;binary;binary;5.0;780;30.0;3950;11650;100;5;3531.4;29.499830507987667;30.312446351931335;0.25321742925311236;3298.0;30.809089567853185;233.4;10.365326815879952;49.69048209442265;0.9376872376896459;53.64958656652018;2.1433697992212055;46.31043256997455;0.0;0.4821476505653216;0.010741431216201414;157.8;14.062716664997556;211.0;0.0;1.7347017288208009;0.04540061486492022
20261007_130844;Adaptação_200;C;LeveragingBagging;Default_FullFeatures;binary;binary;5.0;780;100.0;3950;11650;100;5;11650.0;0.0;100.0;0.0;10870.0;0.0;780.0;0.0;26.17076881108526;0.08919740153968604;18.231092923551124;0.07275045355461479;46.36132315521628;0.1017811704834628;0.25208667544012997;0.0009553734743602939;817.2;2.6381811916545836;210.8;0.4;23.51545991897583;0.546730333098466
20261007_130844;Adaptação_200;C;HoeffdingAdaptiveTree;Default_FullFeatures;binary;binary;5.0;780;100.0;3950;11650;100;5;11650.0;0.0;100.0;0.0;10870.0;0.0;780.0;0.0;59.23566878980891;0.0;79.14893617021276;0.0;47.32824427480916;0.0;0.6022036208962859;0.0;49.0;0.0;207.0;0.0;2.0953667163848877;0.028602511845999073
20261007_130844;Adaptação_200;C;AdaptiveRandomForest;Default_FullFeatures;binary;binary;5.0;780;100.0;3950;11650;100;5;11650.0;0.0;100.0;0.0;10870.0;0.0;780.0;0.0;26.449659365616004;0.4481044954449212;18.513956106141613;0.43658817470208827;46.31043256997455;0.0;0.2545495220434499;0.004089035610961544;801.6;23.660938273872404;211.0;0.0;31.628499126434328;0.7105142647000658
20261007_130844;Adaptação_200;C;HoeffdingTree;Default_FullFeatures;binary;binary;5.0;780;100.0;3950;11650;100;5;11650.0;0.0;100.0;0.0;10870.0;0.0;780.0;0.0;52.601156069364166;0.0;60.86956521739131;0.0;46.31043256997455;0.0;0.5168634243749812;0.0;117.0;0.0;211.0;0.0;1.8173135280609132;0.004034959209245261
20261007_130844;Adaptação_200;C;LeveragingBagging;Default_FullFeatures;binary;binary;10.0;1560;1.0;3950;11650;100;5;118.6;1.8547236990991407;1.0180257510729613;0.015920375099563507;102.6;4.715930449020639;16.0;3.40587727318528;14.688620530324348;1.4507834916554658;8.659176292745574;1.0028171075470265;48.95674300254453;0.8300003272417356;0.14123783054532707;0.016954257818551654;2061.4;277.869465756855;200.6;3.261901286060018;9.673833847045898;0.16377933529871105
20261007_130844;Adaptação_200;C;HoeffdingAdaptiveTree;Default_FullFeatures;binary;binary;10.0;1560;1.0;3950;11650;100;5;118.6;1.8547236990991407;1.0180257510729613;0.015920375099563507;102.6;4.715930449020639;16.0;3.40587727318528;59.45923675624057;2.5296590961401577;75.22350833843116;7.426475979014574;49.36386768447837;0.0;0.5978820757232894;0.032832785897589756;66.8;29.43739118875856;199.0;0.0;1.508091115951538;0.03147893006445136
20261007_130844;Adaptação_200;C;AdaptiveRandomForest;Default_FullFeatures;binary;binary;10.0;1560;1.0;3950;11650;100;5;118.6;1.8547236990991407;1.0180257510729613;0.015920375099563507;102.6;4.715930449020639;16.0;3.40587727318528;14.549142460072233;1.483288802516648;8.551277035273406;1.007585402666471;49.31297709923665;0.10178117048345997;0.139980442834818;0.017972847961992226;2108.0;302.46784953115264;199.2;0.4;9.646706151962281;0.5048062241600626
20261007_130844;Adaptação_200;C;HoeffdingTree;Default_FullFeatures;binary;binary;10.0;1560;1.0;3950;11650;100;5;118.6;1.8547236990991407;1.0180257510729613;0.015920375099563507;102.6;4.715930449020639;16.0;3.40587727318528;37.314832068561046;3.6854192656948483;30.673264278240005;5.0036680348518985;48.54961832061069;1.1195928753180682;0.35717638066861745;0.0336222099917882;450.2;114.57469179535244;202.2;4.3999999999999995;1.5497045993804932;0.03928060007003497
20261007_130844;Adaptação_200;C;LeveragingBagging;Default_FullFeatures;binary;binary;10.0;1560;3.0;3950;11650;100;5;340.8;6.554387843269575;2.925321888412017;0.05626083985639126;295.8;8.280096617793781;45.0;3.22490309931942;16.42731400366147;0.671850447289678;9.930624059236346;0.4707088035506229;47.58269720101781;1.0552896363016644;0.1593635799551531;0.008062372789719134;1699.6;82.86760525078542;206.0;4.147288270665544;10.117083501815795;0.3544490939057885
20261007_130844;Adaptação_200;C;HoeffdingAdaptiveTree;Default_FullFeatures;binary;binary;10.0;1560;3.0;3950;11650;100;5;340.8;6.554387843269575;2.925321888412017;0.05626083985639126;295.8;8.280096617793781;45.0;3.22490309931942;57.83702941835038;2.9394086318696955;70.43740077987593;8.57521300480653;49.36386768447837;0.0;0.5767670300423201;0.0380134324719641;85.6;34.44764142869581;199.0;0.0;1.5493200302124024;0.02383186287914427
20261007_130844;Adaptação_200;C;AdaptiveRandomForest;Default_FullFeatures;binary;binary;10.0;1560;3.0;3950;11650;100;5;340.8;6.554387843269575;2.925321888412017;0.05626083985639126;295.8;8.280096617793781;45.0;3.22490309931942;15.84577950945255;0.5727646438259606;9.49192705371538;0.406950381601514;48.040712468193384;1.424936386768449;0.15365249274725823;0.006795365547152655;1804.0;102.86496002040734;204.2;5.6;10.537957668304443;0.6346593411325407
20261007_130844;Adaptação_200;C;HoeffdingTree;Default_FullFeatures;binary;binary;10.0;1560;3.0;3950;11650;100;5;340.8;6.554387843269575;2.925321888412017;0.05626083985639126;295.8;8.280096617793781;45.0;3.22490309931942;38.04129041832318;3.9256301628921375;32.276172490160334;6.135030146505666;47.531806615776084;1.4958715986462174;0.3633806178529377;0.036759041225360875;414.2;113.86026523770266;206.2;5.878775382679627;1.527735662460327;0.029547280630094503
20261007_130844;Adaptação_200;C;LeveragingBagging;Default_FullFeatures;binary;binary;10.0;1560;5.0;3950;11650;100;5;582.6;6.711184694225007;5.0008583690987125;0.05760673557274671;511.2;7.833262411026455;71.4;2.33238075793812;16.89521329048421;0.5109588239097141;10.312016141889991;0.3752958971043084;46.76844783715013;0.1904151341869679;0.163266642520384;0.0055636835342702485;1600.8;61.440703120976735;209.2;0.7483314773547882;10.660029172897339;0.32512906366481586
20261007_130844;Adaptação_200;C;HoeffdingAdaptiveTree;Default_FullFeatures;binary;binary;10.0;1560;5.0;3950;11650;100;5;582.6;6.711184694225007;5.0008583690987125;0.05760673557274671;511.2;7.833262411026455;71.4;2.33238075793812;59.029566493420404;3.605767728274127;74.30434156968883;9.937083880280772;49.36386768447837;0.0;0.5931305980580918;0.04523668511717338;73.0;44.24477370266459;199.0;0.0;1.6267857074737548;0.03137650655410557
20261007_130844;Adaptação_200;C;AdaptiveRandomForest;Default_FullFeatures;binary;binary;10.0;1560;5.0;3950;11650;100;5;582.6;6.711184694225007;5.0008583690987125;0.05760673557274671;511.2;7.833262411026455;71.4;2.33238075793812;14.410877757714701;3.621561891699877;8.775334987191338;2.1725246565933047;40.305343511450374;10.783041333861803;0.1285185818830412;0.05232190482365338;1631.2;27.952817389308002;234.6;42.377352442076884;11.748707818984986;0.895135886375226
20261007_130844;Adaptação_200;C;HoeffdingTree;Default_FullFeatures;binary;binary;10.0;1560;5.0;3950;11650;100;5;582.6;6.711184694225007;5.0008583690987125;0.05760673557274671;511.2;7.833262411026455;71.4;2.33238075793812;42.392301217636394;0.9911680427885424;38.38762103571649;2.2665715136996334;47.531806615776084;1.4958715986462174;0.4044486373734538;0.009157033714997162;302.4;39.0773591738234;206.2;5.878775382679627;1.5571763038635253;0.03485890012033115
20261007_130844;Adaptação_200;C;LeveragingBagging;Default_FullFeatures;binary;binary;10.0;1560;10.0;3950;11650;100;5;1176.4;17.77188791321845;10.097854077253219;0.15254839410487897;1023.4;17.81684596105607;153.0;3.8987177379235853;17.450719497123682;0.5511031867730953;10.703721508626906;0.3774643618425053;47.2264631043257;0.8300003272417328;0.16974502804067299;0.006775766991899683;1549.6;40.40099008687782;207.4;3.261901286060018;12.055077266693115;0.3993643820753808
20261007_130844;Adaptação_200;C;HoeffdingAdaptiveTree;Default_FullFeatures;binary;binary;10.0;1560;10.0;3950;11650;100;5;1176.4;17.77188791321845;10.097854077253219;0.15254839410487897;1023.4;17.81684596105607;153.0;3.8987177379235853;58.66321642187383;2.910015966827547;74.02894428614954;6.1870228810510435;48.65139949109415;1.4249363867684481;0.5889347804483009;0.03445388194666783;68.4;20.645580640902306;201.8;5.6;1.7288023471832275;0.06933859525883543
20261007_130844;Adaptação_200;C;AdaptiveRandomForest;Default_FullFeatures;binary;binary;10.0;1560;10.0;3950;11650;100;5;1176.4;17.77188791321845;10.097854077253219;0.15254839410487897;1023.4;17.81684596105607;153.0;3.8987177379235853;15.22738273710981;2.0115318946565117;9.328835547186056;1.2108910641082293;41.424936386768444;5.918205296735523;0.13854338044855674;0.02906538189807747;1579.0;22.181073012818835;230.2;23.25854681617061;14.259544849395752;1.2866272752810983
20261007_130844;Adaptação_200;C;HoeffdingTree;Default_FullFeatures;binary;binary;10.0;1560;10.0;3950;11650;100;5;1176.4;17.77188791321845;10.097854077253219;0.15254839410487897;1023.4;17.81684596105607;153.0;3.8987177379235853;43.0434770411113;1.9987778046220026;40.341136102290726;3.3259168691572416;46.31043256997455;0.0;0.41049414893506253;0.01997576807036774;272.6;41.864543470579015;211.0;0.0;1.7145046234130858;0.046995363346858054
20261007_130844;Adaptação_200;C;LeveragingBagging;Default_FullFeatures;binary;binary;10.0;1560;30.0;3950;11650;100;5;3531.4;29.499830507987667;30.312446351931335;0.25321742925311236;3068.4;28.890136725187023;463.0;11.64474130240771;17.657372702827196;0.13772420641584499;10.897111922449147;0.09731468019287534;46.51399491094147;0.19041513418697092;0.17091255118891027;0.0016315756528780887;1494.8;11.617228585166083;210.2;0.7483314773547883;15.96061463356018;0.5201012834345488
20261007_130844;Adaptação_200;C;HoeffdingAdaptiveTree;Default_FullFeatures;binary;binary;10.0;1560;30.0;3950;11650;100;5;3531.4;29.499830507987667;30.312446351931335;0.25321742925311236;3068.4;28.890136725187023;463.0;11.64474130240771;45.23171752324478;23.31572400948953;65.18387694457111;33.220018405266636;34.75826972010178;18.13133781899667;0.4659228263949096;0.24415863158723175;37.0;14.436065946094871;256.4;71.25615762865691;1.9150572776794434;0.03322013963046713
20261007_130844;Adaptação_200;C;AdaptiveRandomForest;Default_FullFeatures;binary;binary;10.0;1560;30.0;3950;11650;100;5;3531.4;29.499830507987667;30.312446351931335;0.25321742925311236;3068.4;28.890136725187023;463.0;11.64474130240771;14.330765887727376;3.2219953197220983;8.787708116244664;1.9559299237792418;38.829516539440206;9.128585170393348;0.1256387910835409;0.046190285916278585;1579.0;35.02570484658374;240.4;35.87533971964586;17.805034923553468;1.6586814427099341
20261007_130844;Adaptação_200;C;HoeffdingTree;Default_FullFeatures;binary;binary;10.0;1560;30.0;3950;11650;100;5;3531.4;29.499830507987667;30.312446351931335;0.25321742925311236;3068.4;28.890136725187023;463.0;11.64474130240771;45.76295393372668;0.7141989318890702;45.24923087660085;1.3754181159863212;46.31043256997455;0.0;0.4385451230590913;0.007564980873151194;220.6;12.611106216347558;211.0;0.0;1.7041970252990724;0.05094489253355686
20261007_130844;Adaptação_200;C;LeveragingBagging;Default_FullFeatures;binary;binary;10.0;1560;100.0;3950;11650;100;5;11650.0;0.0;100.0;0.0;10090.0;0.0;1560.0;0.0;17.15051282284521;0.09774713251251722;10.521489558334705;0.0762162711499422;46.36132315521628;0.1017811704834628;0.1654306852612973;0.0009632823315060507;1549.6;14.705101155721438;210.8;0.4;23.741505098342895;0.241876686434138
20261007_130844;Adaptação_200;C;HoeffdingAdaptiveTree;Default_FullFeatures;binary;binary;10.0;1560;100.0;3950;11650;100;5;11650.0;0.0;100.0;0.0;10090.0;0.0;1560.0;0.0;60.389610389610404;7.105427357601002e-15;83.40807174887892;0.0;47.32824427480916;0.0;0.619274010821159;0.0;37.0;0.0;207.0;0.0;2.08625168800354;0.019559985194488243
20261007_130844;Adaptação_200;C;AdaptiveRandomForest;Default_FullFeatures;binary;binary;10.0;1560;100.0;3950;11650;100;5;11650.0;0.0;100.0;0.0;10090.0;0.0;1560.0;0.0;17.279471600308277;0.08731473319044214;10.621326738725058;0.06589204767867186;46.31043256997455;0.0;0.16670830257308605;0.0009118488902386785;1531.6;10.707007051459339;211.0;0.0;32.04523639678955;1.6571641096959906
20261007_130844;Adaptação_200;C;HoeffdingTree;Default_FullFeatures;binary;binary;10.0;1560;100.0;3950;11650;100;5;11650.0;0.0;100.0;0.0;10090.0;0.0;1560.0;0.0;47.27272727272727;0.0;48.275862068965516;0.0;46.31043256997455;0.0;0.45481992760021395;5.551115123125783e-17;195.0;0.0;211.0;0.0;1.8628340721130372;0.02348542193210486
