Exec_ID;Dataset;Experiment;Model;Scenario;Delay_Percentage;Delay_Instances;Label_Budget_Percentage;Initial_Training_Instances;Evaluation_Instances;Window_Evaluation;Runs;Queried_avg;Queried_std;Effective_Query_Percentage_avg;Effective_Query_Percentage_std;Delivered_During_Stream_avg;Delivered_During_Stream_std;Flushed_After_Stream_avg;Flushed_After_Stream_std;F1_avg;F1_std;Prec_avg;Prec_std;Rec_avg;Rec_std;MCC_avg;MCC_std;FP_avg;FP_std;FN_avg;FN_std;Time_avg;Time_std
20261001_101354;Recorrência_25;A;LeveragingBagging;Default_FullFeatures;0.0;0;100.0;2154;12918;100;5;12918.0;0.0;100.0;0.0;12918.0;0.0;0.0;0.0;80.41237113402062;0.0;100.0;0.0;67.24137931034483;0.0;0.8194033203060297;0.0;0.0;0.0;19.0;0.0;19.352633428573608;0.455614527497768
20261001_101354;Recorrência_25;A;HoeffdingAdaptiveTree;Default_FullFeatures;0.0;0;100.0;2154;12918;100;5;12918.0;0.0;100.0;0.0;12918.0;0.0;0.0;0.0;77.89473684210526;0.0;100.0;0.0;63.79310344827586;7.105427357601002e-15;0.798054515858693;0.0;0.0;0.0;21.0;0.0;2.1068896293640136;0.024036858906897367
20261001_101354;Recorrência_25;A;AdaptiveRandomForest;Default_FullFeatures;0.0;0;100.0;2154;12918;100;5;12918.0;0.0;100.0;0.0;12918.0;0.0;0.0;0.0;76.76752512651358;1.377230703171254;86.61611680245221;1.747939708707149;68.9655172413793;1.888698474155744;0.7718802357233046;0.01332878068805508;6.2;0.9797958971132712;18.0;1.0954451150103321;20.159594202041625;1.4962419894028878
20261001_101354;Recorrência_25;A;HoeffdingTree;Default_FullFeatures;0.0;0;100.0;2154;12918;100;5;12918.0;0.0;100.0;0.0;12918.0;0.0;0.0;0.0;66.01941747572816;0.0;75.55555555555556;0.0;58.620689655172406;0.0;0.6642095234309899;0.0;11.0;0.0;24.0;0.0;1.9430937767028809;0.04594278786257582
20261001_101354;Recorrência_25;A;LeveragingBagging;Default_FullFeatures;1.0;151;100.0;2154;12918;100;5;12918.0;0.0;100.0;0.0;12767.0;0.0;151.0;0.0;29.411764705882355;0.0;100.0;0.0;17.24137931034483;0.0;0.41445464289313483;0.0;0.0;0.0;48.0;0.0;20.498460817337037;0.7697761591387189
20261001_101354;Recorrência_25;A;HoeffdingAdaptiveTree;Default_FullFeatures;1.0;151;100.0;2154;12918;100;5;12918.0;0.0;100.0;0.0;12767.0;0.0;151.0;0.0;45.33333333333333;0.0;100.0;0.0;29.310344827586203;0.0;0.5405293251857405;0.0;0.0;0.0;41.0;0.0;2.173550510406494;0.05718281305288756
20261001_101354;Recorrência_25;A;AdaptiveRandomForest;Default_FullFeatures;1.0;151;100.0;2154;12918;100;5;12918.0;0.0;100.0;0.0;12767.0;0.0;151.0;0.0;28.77151157722676;6.758254117149675;43.30149620668554;7.8492950624395625;21.724137931034484;5.831563629409573;0.30362300062662967;0.06672124412317165;16.2;3.059411708155671;45.4;3.3823069050575527;19.804373836517335;0.29484004994820684
20261001_101354;Recorrência_25;A;HoeffdingTree;Default_FullFeatures;1.0;151;100.0;2154;12918;100;5;12918.0;0.0;100.0;0.0;12767.0;0.0;151.0;0.0;0.0;0.0;0.0;0.0;0.0;0.0;-0.0005908982213192484;0.0;1.0;0.0;58.0;0.0;1.863090705871582;0.017571453882136576
20261001_101354;Recorrência_25;A;LeveragingBagging;Default_FullFeatures;5.0;754;100.0;2154;12918;100;5;12918.0;0.0;100.0;0.0;12164.0;0.0;754.0;0.0;28.90512726829862;0.3137875126574205;89.6969696969697;6.165754530113876;17.24137931034483;0.0;0.39210520134253574;0.013508785911196138;1.2;0.7483314773547883;48.0;0.0;19.30295886993408;0.22525138803444436
20261001_101354;Recorrência_25;A;HoeffdingAdaptiveTree;Default_FullFeatures;5.0;754;100.0;2154;12918;100;5;12918.0;0.0;100.0;0.0;12164.0;0.0;754.0;0.0;45.33333333333333;0.0;100.0;0.0;29.310344827586203;0.0;0.5405293251857405;0.0;0.0;0.0;41.0;0.0;2.1395950317382812;0.07169330722134122
20261001_101354;Recorrência_25;A;AdaptiveRandomForest;Default_FullFeatures;5.0;754;100.0;2154;12918;100;5;12918.0;0.0;100.0;0.0;12164.0;0.0;754.0;0.0;28.038535476723258;4.703975274220397;33.61599397967533;5.482984985082832;24.137931034482754;4.3617622898874195;0.2818284212615791;0.04731518872969388;27.6;3.2619012860600183;44.0;2.5298221281347035;19.746105241775513;0.6923237083289016
20261001_101354;Recorrência_25;A;HoeffdingTree;Default_FullFeatures;5.0;754;100.0;2154;12918;100;5;12918.0;0.0;100.0;0.0;12164.0;0.0;754.0;0.0;0.0;0.0;0.0;0.0;0.0;0.0;-0.0008356886276003259;1.0842021724855044e-19;2.0;0.0;58.0;0.0;1.9007060527801514;0.040697734958913094
20261001_101354;Recorrência_25;A;LeveragingBagging;Default_FullFeatures;10.0;1507;100.0;2154;12918;100;5;12918.0;0.0;100.0;0.0;11411.0;0.0;1507.0;0.0;34.077071665209836;9.545170404571326;98.18181818181817;3.6363636363636376;21.03448275862069;7.586206896551722;0.4478451830009689;0.07687634604230655;0.2;0.4000000000000001;45.8;4.4;19.61316313743591;0.4073807437846604
20261001_101354;Recorrência_25;A;HoeffdingAdaptiveTree;Default_FullFeatures;10.0;1507;100.0;2154;12918;100;5;12918.0;0.0;100.0;0.0;11411.0;0.0;1507.0;0.0;45.33333333333333;0.0;100.0;0.0;29.310344827586203;0.0;0.5405293251857405;0.0;0.0;0.0;41.0;0.0;2.1164125919342043;0.003437112704040493
20261001_101354;Recorrência_25;A;AdaptiveRandomForest;Default_FullFeatures;10.0;1507;100.0;2154;12918;100;5;12918.0;0.0;100.0;0.0;11411.0;0.0;1507.0;0.0;22.427646556072677;6.1773493761693725;22.99187057525101;7.426229331147363;22.068965517241377;5.386379086832175;0.22130667431397244;0.06267327169099184;44.6;8.522910301065007;45.2;3.1240998703626617;19.342709636688234;0.39781490189358254
20261001_101354;Recorrência_25;A;HoeffdingTree;Default_FullFeatures;10.0;1507;100.0;2154;12918;100;5;12918.0;0.0;100.0;0.0;11411.0;0.0;1507.0;0.0;0.0;0.0;0.0;0.0;0.0;0.0;0.0;0.0;0.0;0.0;58.0;0.0;1.8702112197875977;0.024466612210392164
20261001_101354;Recorrência_25;B;LeveragingBagging;Default_FullFeatures;0.0;0;1.0;2154;12918;100;5;127.0;3.1622776601683795;0.983124322650565;0.024479622698315405;127.0;3.1622776601683795;0.0;0.0;18.57987864006181;7.544030050537032;38.94373332969824;30.454959874799684;15.517241379310343;2.6710229973844264;0.21970368398405382;0.10729752138259603;51.0;56.71684053259667;49.0;1.5491933384829668;7.364634370803833;0.3048631629717529
20261001_101354;Recorrência_25;B;HoeffdingAdaptiveTree;Default_FullFeatures;0.0;0;1.0;2154;12918;100;5;127.0;3.1622776601683795;0.983124322650565;0.024479622698315405;127.0;3.1622776601683795;0.0;0.0;11.052901900359526;10.840101161491722;80.0;40.0;6.206896551724138;6.22602416733372;0.2006748742072441;0.14681432637246777;0.0;0.0;54.4;3.6110940170535577;1.906932783126831;0.042660826067632024
20261001_101354;Recorrência_25;B;AdaptiveRandomForest;Default_FullFeatures;0.0;0;1.0;2154;12918;100;5;127.0;3.1622776601683795;0.983124322650565;0.024479622698315405;127.0;3.1622776601683795;0.0;0.0;25.319961851910126;11.581095795444087;18.807271830764286;9.716898228457303;44.48275862068965;15.320593028636594;0.27561453182228945;0.11209072382242057;151.8;103.46670962198421;32.2;8.885943956609225;7.764607620239258;0.49042369996509066
20261001_101354;Recorrência_25;B;HoeffdingTree;Default_FullFeatures;0.0;0;1.0;2154;12918;100;5;127.0;3.1622776601683795;0.983124322650565;0.024479622698315405;127.0;3.1622776601683795;0.0;0.0;11.052901900359526;10.840101161491722;80.0;40.0;6.206896551724138;6.22602416733372;0.2006748742072441;0.14681432637246777;0.0;0.0;54.4;3.6110940170535577;1.8815569877624512;0.02731359548667068
20261001_101354;Recorrência_25;B;LeveragingBagging;Default_FullFeatures;0.0;0;3.0;2154;12918;100;5;372.6;7.031358332498778;2.8843474222015795;0.05443070392087616;372.6;7.031358332498778;0.0;0.0;30.92555649746343;10.851481267585399;54.59724710793664;33.74511400370198;24.137931034482758;4.223258177212377;0.34521620114224705;0.14109085871041377;27.2;27.432827050816325;44.0;2.449489742783178;8.101379251480102;0.6057270013099907
20261001_101354;Recorrência_25;B;HoeffdingAdaptiveTree;Default_FullFeatures;0.0;0;3.0;2154;12918;100;5;372.6;7.031358332498778;2.8843474222015795;0.05443070392087616;372.6;7.031358332498778;0.0;0.0;20.246524599289465;5.866287848057702;100.0;0.0;11.379310344827584;3.5502172899955173;0.3316978367068397;0.05763924336125744;0.0;0.0;51.4;2.0591260281974;1.9019432544708252;0.009785318089409354
20261001_101354;Recorrência_25;B;AdaptiveRandomForest;Default_FullFeatures;0.0;0;3.0;2154;12918;100;5;372.6;7.031358332498778;2.8843474222015795;0.05443070392087616;372.6;7.031358332498778;0.0;0.0;37.34599344210328;8.336184295729764;32.44664679037515;10.012944500223023;47.241379310344826;9.54369138144693;0.38201854147094777;0.07874028931444203;66.4;34.17952603533291;30.6;5.535341001239218;7.813607978820801;0.649231698408011
20261001_101354;Recorrência_25;B;HoeffdingTree;Default_FullFeatures;0.0;0;3.0;2154;12918;100;5;372.6;7.031358332498778;2.8843474222015795;0.05443070392087616;372.6;7.031358332498778;0.0;0.0;19.157223096194862;6.028683643662102;84.82758620689656;30.344827586206897;11.379310344827584;3.5502172899955173;0.29596880973139417;0.08576287714390353;4.4;8.8;51.4;2.0591260281974;1.895960521697998;0.12707860060755485
20261001_101354;Recorrência_25;B;LeveragingBagging;Default_FullFeatures;0.0;0;5.0;2154;12918;100;5;637.6;7.812809993849844;4.935748567889766;0.060480027820481876;637.6;7.812809993849844;0.0;0.0;30.98064030846019;5.004011451874131;53.78070175438596;22.329522421235975;23.10344827586207;4.021346134376068;0.34168092876642386;0.07419629640032561;15.6;10.131140113531153;44.6;2.3323807579381204;8.382165145874023;0.33256339228626547
20261001_101354;Recorrência_25;B;HoeffdingAdaptiveTree;Default_FullFeatures;0.0;0;5.0;2154;12918;100;5;637.6;7.812809993849844;4.935748567889766;0.060480027820481876;637.6;7.812809993849844;0.0;0.0;21.981918997107037;7.32994786097432;88.18181818181817;23.63636363636363;13.10344827586207;4.70282127482271;0.3253600026717626;0.07907653972472803;2.6;5.2;50.4;2.727636339397171;1.907419538497925;0.0056422723650631544
20261001_101354;Recorrência_25;B;AdaptiveRandomForest;Default_FullFeatures;0.0;0;5.0;2154;12918;100;5;637.6;7.812809993849844;4.935748567889766;0.060480027820481876;637.6;7.812809993849844;0.0;0.0;41.48561869894252;9.10967347222613;39.5241955532216;11.43772113218288;46.89655172413793;13.283696747764289;0.42044974104429783;0.09258272479918506;47.0;22.7508241608958;30.8;7.704544113703289;8.332229948043823;0.829820354275183
20261001_101354;Recorrência_25;B;HoeffdingTree;Default_FullFeatures;0.0;0;5.0;2154;12918;100;5;637.6;7.812809993849844;4.935748567889766;0.060480027820481876;637.6;7.812809993849844;0.0;0.0;18.662841229359202;8.544391025617582;84.61538461538461;30.769230769230766;10.689655172413794;5.0443927028716535;0.292595796448419;0.1134635188319799;2.0;4.0;51.8;2.9257477676655586;1.9468023777008057;0.07748710010182407
20261001_101354;Recorrência_25;B;LeveragingBagging;Default_FullFeatures;0.0;0;10.0;2154;12918;100;5;1292.0;22.89978165834775;10.001548227279764;0.17727033332054354;1292.0;22.89978165834775;0.0;0.0;35.56172839506173;5.385051594337585;69.90436194240542;8.87810611612039;24.48275862068966;5.60278510664549;0.40707356841693665;0.03813835179072321;6.8;3.815756805667783;43.8;3.249615361854384;9.366949319839478;0.22420425238408967
20261001_101354;Recorrência_25;B;HoeffdingAdaptiveTree;Default_FullFeatures;0.0;0;10.0;2154;12918;100;5;1292.0;22.89978165834775;10.001548227279764;0.17727033332054354;1292.0;22.89978165834775;0.0;0.0;22.211358435614727;9.44515221649311;75.83333333333334;32.95619988880865;13.103448275862068;5.517241379310344;0.31234545556484333;0.13350566677928305;3.6;5.817215828899595;50.4;3.2;1.939612340927124;0.02434643683890619
20261001_101354;Recorrência_25;B;AdaptiveRandomForest;Default_FullFeatures;0.0;0;10.0;2154;12918;100;5;1292.0;22.89978165834775;10.001548227279764;0.17727033332054354;1292.0;22.89978165834775;0.0;0.0;39.036121849736176;9.723157960786342;45.445297736319404;7.176747572342718;36.55172413793103;14.02393062597431;0.39747778116149873;0.0909942303106573;26.0;10.972693379476162;36.8;8.133879763065101;8.877177619934082;0.3461059209919977
20261001_101354;Recorrência_25;B;HoeffdingTree;Default_FullFeatures;0.0;0;10.0;2154;12918;100;5;1292.0;22.89978165834775;10.001548227279764;0.17727033332054354;1292.0;22.89978165834775;0.0;0.0;27.400104989817173;11.701755010898822;84.61538461538461;30.769230769230766;16.551724137931036;7.523249734231526;0.3695823699178783;0.14261150148610338;2.0;4.0;48.4;4.363484845854286;1.7967718124389649;0.12203480213774899
20261001_101354;Recorrência_25;B;LeveragingBagging;Default_FullFeatures;0.0;0;30.0;2154;12918;100;5;3908.4;25.366119135571367;30.255457501161167;0.19636258813726096;3908.4;25.366119135571367;0.0;0.0;45.97828165134818;10.074623403240084;98.51851851851852;2.962962962962962;30.68965517241379;8.818421967272014;0.5421552389744719;0.0750222577505083;0.4;0.8000000000000002;40.2;5.114684741017769;12.053944778442382;0.37321356037104375
20261001_101354;Recorrência_25;B;HoeffdingAdaptiveTree;Default_FullFeatures;0.0;0;30.0;2154;12918;100;5;3908.4;25.366119135571367;30.255457501161167;0.19636258813726096;3908.4;25.366119135571367;0.0;0.0;40.495216833245;13.375092048260695;100.0;0.0;26.20689655172414;9.77754957155712;0.49898771000509895;0.1106968088729677;0.0;0.0;42.8;5.670978751503131;2.0146739959716795;0.06634961435335321
20261001_101354;Recorrência_25;B;AdaptiveRandomForest;Default_FullFeatures;0.0;0;30.0;2154;12918;100;5;3908.4;25.366119135571367;30.255457501161167;0.19636258813726096;3908.4;25.366119135571367;0.0;0.0;49.67980282416569;11.058887657922662;72.33672334339744;8.715045658291087;38.27586206896551;10.310287163949;0.5224477917582729;0.10247333356594623;8.0;1.8973665961010275;35.8;5.979966555090422;11.502750778198243;0.4015260672272072
20261001_101354;Recorrência_25;B;HoeffdingTree;Default_FullFeatures;0.0;0;30.0;2154;12918;100;5;3908.4;25.366119135571367;30.255457501161167;0.19636258813726096;3908.4;25.366119135571367;0.0;0.0;43.53538748832866;18.801266694958567;100.0;0.0;29.655172413793103;15.281737797351957;0.5221851303388816;0.15179372282157944;0.0;0.0;40.8;8.863407922464134;1.7323007106781005;0.008486187793751047
20261001_101354;Recorrência_25;B;LeveragingBagging;Default_FullFeatures;0.0;0;100.0;2154;12918;100;5;12918.0;0.0;100.0;0.0;12918.0;0.0;0.0;0.0;80.41237113402062;0.0;100.0;0.0;67.24137931034483;0.0;0.8194033203060297;0.0;0.0;0.0;19.0;0.0;19.352633428573608;0.455614527497768
20261001_101354;Recorrência_25;B;HoeffdingAdaptiveTree;Default_FullFeatures;0.0;0;100.0;2154;12918;100;5;12918.0;0.0;100.0;0.0;12918.0;0.0;0.0;0.0;77.89473684210526;0.0;100.0;0.0;63.79310344827586;7.105427357601002e-15;0.798054515858693;0.0;0.0;0.0;21.0;0.0;2.1068896293640136;0.024036858906897367
20261001_101354;Recorrência_25;B;AdaptiveRandomForest;Default_FullFeatures;0.0;0;100.0;2154;12918;100;5;12918.0;0.0;100.0;0.0;12918.0;0.0;0.0;0.0;76.76752512651358;1.377230703171254;86.61611680245221;1.747939708707149;68.9655172413793;1.888698474155744;0.7718802357233046;0.01332878068805508;6.2;0.9797958971132712;18.0;1.0954451150103321;20.159594202041625;1.4962419894028878
20261001_101354;Recorrência_25;B;HoeffdingTree;Default_FullFeatures;0.0;0;100.0;2154;12918;100;5;12918.0;0.0;100.0;0.0;12918.0;0.0;0.0;0.0;66.01941747572816;0.0;75.55555555555556;0.0;58.620689655172406;0.0;0.6642095234309899;0.0;11.0;0.0;24.0;0.0;1.9430937767028809;0.04594278786257582
20261001_101354;Recorrência_25;C;LeveragingBagging;Default_FullFeatures;0.0;0;1.0;2154;12918;100;5;127.0;3.1622776601683795;0.983124322650565;0.024479622698315405;127.0;3.1622776601683795;0.0;0.0;18.57987864006181;7.544030050537032;38.94373332969824;30.454959874799684;15.517241379310343;2.6710229973844264;0.21970368398405382;0.10729752138259603;51.0;56.71684053259667;49.0;1.5491933384829668;7.364634370803833;0.3048631629717529
20261001_101354;Recorrência_25;C;HoeffdingAdaptiveTree;Default_FullFeatures;0.0;0;1.0;2154;12918;100;5;127.0;3.1622776601683795;0.983124322650565;0.024479622698315405;127.0;3.1622776601683795;0.0;0.0;11.052901900359526;10.840101161491722;80.0;40.0;6.206896551724138;6.22602416733372;0.2006748742072441;0.14681432637246777;0.0;0.0;54.4;3.6110940170535577;1.906932783126831;0.042660826067632024
20261001_101354;Recorrência_25;C;AdaptiveRandomForest;Default_FullFeatures;0.0;0;1.0;2154;12918;100;5;127.0;3.1622776601683795;0.983124322650565;0.024479622698315405;127.0;3.1622776601683795;0.0;0.0;25.319961851910126;11.581095795444087;18.807271830764286;9.716898228457303;44.48275862068965;15.320593028636594;0.27561453182228945;0.11209072382242057;151.8;103.46670962198421;32.2;8.885943956609225;7.764607620239258;0.49042369996509066
20261001_101354;Recorrência_25;C;HoeffdingTree;Default_FullFeatures;0.0;0;1.0;2154;12918;100;5;127.0;3.1622776601683795;0.983124322650565;0.024479622698315405;127.0;3.1622776601683795;0.0;0.0;11.052901900359526;10.840101161491722;80.0;40.0;6.206896551724138;6.22602416733372;0.2006748742072441;0.14681432637246777;0.0;0.0;54.4;3.6110940170535577;1.8815569877624512;0.02731359548667068
20261001_101354;Recorrência_25;C;LeveragingBagging;Default_FullFeatures;0.0;0;3.0;2154;12918;100;5;372.6;7.031358332498778;2.8843474222015795;0.05443070392087616;372.6;7.031358332498778;0.0;0.0;30.92555649746343;10.851481267585399;54.59724710793664;33.74511400370198;24.137931034482758;4.223258177212377;0.34521620114224705;0.14109085871041377;27.2;27.432827050816325;44.0;2.449489742783178;8.101379251480102;0.6057270013099907
20261001_101354;Recorrência_25;C;HoeffdingAdaptiveTree;Default_FullFeatures;0.0;0;3.0;2154;12918;100;5;372.6;7.031358332498778;2.8843474222015795;0.05443070392087616;372.6;7.031358332498778;0.0;0.0;20.246524599289465;5.866287848057702;100.0;0.0;11.379310344827584;3.5502172899955173;0.3316978367068397;0.05763924336125744;0.0;0.0;51.4;2.0591260281974;1.9019432544708252;0.009785318089409354
20261001_101354;Recorrência_25;C;AdaptiveRandomForest;Default_FullFeatures;0.0;0;3.0;2154;12918;100;5;372.6;7.031358332498778;2.8843474222015795;0.05443070392087616;372.6;7.031358332498778;0.0;0.0;37.34599344210328;8.336184295729764;32.44664679037515;10.012944500223023;47.241379310344826;9.54369138144693;0.38201854147094777;0.07874028931444203;66.4;34.17952603533291;30.6;5.535341001239218;7.813607978820801;0.649231698408011
20261001_101354;Recorrência_25;C;HoeffdingTree;Default_FullFeatures;0.0;0;3.0;2154;12918;100;5;372.6;7.031358332498778;2.8843474222015795;0.05443070392087616;372.6;7.031358332498778;0.0;0.0;19.157223096194862;6.028683643662102;84.82758620689656;30.344827586206897;11.379310344827584;3.5502172899955173;0.29596880973139417;0.08576287714390353;4.4;8.8;51.4;2.0591260281974;1.895960521697998;0.12707860060755485
20261001_101354;Recorrência_25;C;LeveragingBagging;Default_FullFeatures;0.0;0;5.0;2154;12918;100;5;637.6;7.812809993849844;4.935748567889766;0.060480027820481876;637.6;7.812809993849844;0.0;0.0;30.98064030846019;5.004011451874131;53.78070175438596;22.329522421235975;23.10344827586207;4.021346134376068;0.34168092876642386;0.07419629640032561;15.6;10.131140113531153;44.6;2.3323807579381204;8.382165145874023;0.33256339228626547
20261001_101354;Recorrência_25;C;HoeffdingAdaptiveTree;Default_FullFeatures;0.0;0;5.0;2154;12918;100;5;637.6;7.812809993849844;4.935748567889766;0.060480027820481876;637.6;7.812809993849844;0.0;0.0;21.981918997107037;7.32994786097432;88.18181818181817;23.63636363636363;13.10344827586207;4.70282127482271;0.3253600026717626;0.07907653972472803;2.6;5.2;50.4;2.727636339397171;1.907419538497925;0.0056422723650631544
20261001_101354;Recorrência_25;C;AdaptiveRandomForest;Default_FullFeatures;0.0;0;5.0;2154;12918;100;5;637.6;7.812809993849844;4.935748567889766;0.060480027820481876;637.6;7.812809993849844;0.0;0.0;41.48561869894252;9.10967347222613;39.5241955532216;11.43772113218288;46.89655172413793;13.283696747764289;0.42044974104429783;0.09258272479918506;47.0;22.7508241608958;30.8;7.704544113703289;8.332229948043823;0.829820354275183
20261001_101354;Recorrência_25;C;HoeffdingTree;Default_FullFeatures;0.0;0;5.0;2154;12918;100;5;637.6;7.812809993849844;4.935748567889766;0.060480027820481876;637.6;7.812809993849844;0.0;0.0;18.662841229359202;8.544391025617582;84.61538461538461;30.769230769230766;10.689655172413794;5.0443927028716535;0.292595796448419;0.1134635188319799;2.0;4.0;51.8;2.9257477676655586;1.9468023777008057;0.07748710010182407
20261001_101354;Recorrência_25;C;LeveragingBagging;Default_FullFeatures;0.0;0;10.0;2154;12918;100;5;1292.0;22.89978165834775;10.001548227279764;0.17727033332054354;1292.0;22.89978165834775;0.0;0.0;35.56172839506173;5.385051594337585;69.90436194240542;8.87810611612039;24.48275862068966;5.60278510664549;0.40707356841693665;0.03813835179072321;6.8;3.815756805667783;43.8;3.249615361854384;9.366949319839478;0.22420425238408967
20261001_101354;Recorrência_25;C;HoeffdingAdaptiveTree;Default_FullFeatures;0.0;0;10.0;2154;12918;100;5;1292.0;22.89978165834775;10.001548227279764;0.17727033332054354;1292.0;22.89978165834775;0.0;0.0;22.211358435614727;9.44515221649311;75.83333333333334;32.95619988880865;13.103448275862068;5.517241379310344;0.31234545556484333;0.13350566677928305;3.6;5.817215828899595;50.4;3.2;1.939612340927124;0.02434643683890619
20261001_101354;Recorrência_25;C;AdaptiveRandomForest;Default_FullFeatures;0.0;0;10.0;2154;12918;100;5;1292.0;22.89978165834775;10.001548227279764;0.17727033332054354;1292.0;22.89978165834775;0.0;0.0;39.036121849736176;9.723157960786342;45.445297736319404;7.176747572342718;36.55172413793103;14.02393062597431;0.39747778116149873;0.0909942303106573;26.0;10.972693379476162;36.8;8.133879763065101;8.877177619934082;0.3461059209919977
20261001_101354;Recorrência_25;C;HoeffdingTree;Default_FullFeatures;0.0;0;10.0;2154;12918;100;5;1292.0;22.89978165834775;10.001548227279764;0.17727033332054354;1292.0;22.89978165834775;0.0;0.0;27.400104989817173;11.701755010898822;84.61538461538461;30.769230769230766;16.551724137931036;7.523249734231526;0.3695823699178783;0.14261150148610338;2.0;4.0;48.4;4.363484845854286;1.7967718124389649;0.12203480213774899
20261001_101354;Recorrência_25;C;LeveragingBagging;Default_FullFeatures;0.0;0;30.0;2154;12918;100;5;3908.4;25.366119135571367;30.255457501161167;0.19636258813726096;3908.4;25.366119135571367;0.0;0.0;45.97828165134818;10.074623403240084;98.51851851851852;2.962962962962962;30.68965517241379;8.818421967272014;0.5421552389744719;0.0750222577505083;0.4;0.8000000000000002;40.2;5.114684741017769;12.053944778442382;0.37321356037104375
20261001_101354;Recorrência_25;C;HoeffdingAdaptiveTree;Default_FullFeatures;0.0;0;30.0;2154;12918;100;5;3908.4;25.366119135571367;30.255457501161167;0.19636258813726096;3908.4;25.366119135571367;0.0;0.0;40.495216833245;13.375092048260695;100.0;0.0;26.20689655172414;9.77754957155712;0.49898771000509895;0.1106968088729677;0.0;0.0;42.8;5.670978751503131;2.0146739959716795;0.06634961435335321
20261001_101354;Recorrência_25;C;AdaptiveRandomForest;Default_FullFeatures;0.0;0;30.0;2154;12918;100;5;3908.4;25.366119135571367;30.255457501161167;0.19636258813726096;3908.4;25.366119135571367;0.0;0.0;49.67980282416569;11.058887657922662;72.33672334339744;8.715045658291087;38.27586206896551;10.310287163949;0.5224477917582729;0.10247333356594623;8.0;1.8973665961010275;35.8;5.979966555090422;11.502750778198243;0.4015260672272072
20261001_101354;Recorrência_25;C;HoeffdingTree;Default_FullFeatures;0.0;0;30.0;2154;12918;100;5;3908.4;25.366119135571367;30.255457501161167;0.19636258813726096;3908.4;25.366119135571367;0.0;0.0;43.53538748832866;18.801266694958567;100.0;0.0;29.655172413793103;15.281737797351957;0.5221851303388816;0.15179372282157944;0.0;0.0;40.8;8.863407922464134;1.7323007106781005;0.008486187793751047
20261001_101354;Recorrência_25;C;LeveragingBagging;Default_FullFeatures;0.0;0;100.0;2154;12918;100;5;12918.0;0.0;100.0;0.0;12918.0;0.0;0.0;0.0;80.41237113402062;0.0;100.0;0.0;67.24137931034483;0.0;0.8194033203060297;0.0;0.0;0.0;19.0;0.0;19.352633428573608;0.455614527497768
20261001_101354;Recorrência_25;C;HoeffdingAdaptiveTree;Default_FullFeatures;0.0;0;100.0;2154;12918;100;5;12918.0;0.0;100.0;0.0;12918.0;0.0;0.0;0.0;77.89473684210526;0.0;100.0;0.0;63.79310344827586;7.105427357601002e-15;0.798054515858693;0.0;0.0;0.0;21.0;0.0;2.1068896293640136;0.024036858906897367
20261001_101354;Recorrência_25;C;AdaptiveRandomForest;Default_FullFeatures;0.0;0;100.0;2154;12918;100;5;12918.0;0.0;100.0;0.0;12918.0;0.0;0.0;0.0;76.76752512651358;1.377230703171254;86.61611680245221;1.747939708707149;68.9655172413793;1.888698474155744;0.7718802357233046;0.01332878068805508;6.2;0.9797958971132712;18.0;1.0954451150103321;20.159594202041625;1.4962419894028878
20261001_101354;Recorrência_25;C;HoeffdingTree;Default_FullFeatures;0.0;0;100.0;2154;12918;100;5;12918.0;0.0;100.0;0.0;12918.0;0.0;0.0;0.0;66.01941747572816;0.0;75.55555555555556;0.0;58.620689655172406;0.0;0.6642095234309899;0.0;11.0;0.0;24.0;0.0;1.9430937767028809;0.04594278786257582
20261001_101354;Recorrência_25;C;LeveragingBagging;Default_FullFeatures;1.0;151;1.0;2154;12918;100;5;127.0;3.1622776601683795;0.983124322650565;0.024479622698315405;125.8;3.3105890714493698;1.2;1.1661903789690602;17.670423340480834;6.838128811888094;40.4419555901831;33.15159543500654;14.827586206896552;2.0689655172413794;0.2151732602967682;0.10663288352648582;50.6;53.712568361604156;49.4;1.2;7.430768346786499;0.24447597193729312
20261001_101354;Recorrência_25;C;HoeffdingAdaptiveTree;Default_FullFeatures;1.0;151;1.0;2154;12918;100;5;127.0;3.1622776601683795;0.983124322650565;0.024479622698315405;125.8;3.3105890714493698;1.2;1.1661903789690602;9.696969696969697;11.876313904403288;40.0;48.98979485566356;5.517241379310344;6.7572130835398;0.14826831471644733;0.18159085803884292;0.0;0.0;54.8;3.9191835884530852;1.8944665431976317;0.03141458464999398
20261001_101354;Recorrência_25;C;AdaptiveRandomForest;Default_FullFeatures;1.0;151;1.0;2154;12918;100;5;127.0;3.1622776601683795;0.983124322650565;0.024479622698315405;125.8;3.3105890714493698;1.2;1.1661903789690602;24.822349142085983;11.496161825000978;18.041716371741938;9.328816961910707;45.172413793103445;15.77939474296214;0.27266284167212507;0.11316507887697866;158.4;100.32068580307852;31.8;9.15204895091804;7.796635913848877;0.538574455179533
20261001_101354;Recorrência_25;C;HoeffdingTree;Default_FullFeatures;1.0;151;1.0;2154;12918;100;5;127.0;3.1622776601683795;0.983124322650565;0.024479622698315405;125.8;3.3105890714493698;1.2;1.1661903789690602;9.696969696969697;11.876313904403288;40.0;48.98979485566356;5.517241379310344;6.7572130835398;0.14826831471644733;0.18159085803884292;0.0;0.0;54.8;3.9191835884530852;1.8805872917175293;0.024812787322690495
20261001_101354;Recorrência_25;C;LeveragingBagging;Default_FullFeatures;1.0;151;3.0;2154;12918;100;5;372.6;7.031358332498778;2.8843474222015795;0.05443070392087616;369.2;7.756287771866127;3.4;1.019803902718557;25.28698055527432;11.152671632672245;50.57142857142857;32.563275683504024;18.96551724137931;5.666095422467237;0.29203817144158706;0.1401599733571444;27.0;27.509998182479038;47.0;3.286335345030997;8.032605457305909;0.646573632504228
20261001_101354;Recorrência_25;C;HoeffdingAdaptiveTree;Default_FullFeatures;1.0;151;3.0;2154;12918;100;5;372.6;7.031358332498778;2.8843474222015795;0.05443070392087616;369.2;7.756287771866127;3.4;1.019803902718557;12.923076923076923;10.551648122758307;60.0;48.98979485566356;7.241379310344827;5.9125614480973265;0.20803040632641262;0.1698561154945215;0.0;0.0;53.8;3.4292856398964493;1.939213800430298;0.04937915086711169
20261001_101354;Recorrência_25;C;AdaptiveRandomForest;Default_FullFeatures;1.0;151;3.0;2154;12918;100;5;372.6;7.031358332498778;2.8843474222015795;0.05443070392087616;369.2;7.756287771866127;3.4;1.019803902718557;32.30034487887359;11.393398003913749;27.410630666323264;10.930907812152725;41.72413793103448;14.023930625974314;0.33018035411071944;0.11394908848621434;70.6;32.078653338318304;33.8;8.133879763065101;7.661206293106079;0.5455872229389847
20261001_101354;Recorrência_25;C;HoeffdingTree;Default_FullFeatures;1.0;151;3.0;2154;12918;100;5;372.6;7.031358332498778;2.8843474222015795;0.05443070392087616;369.2;7.756287771866127;3.4;1.019803902718557;11.871198568872988;9.881214359305776;45.0;45.8257569495584;7.241379310344827;5.9125614480973265;0.17291740164551855;0.1550592215476397;4.2;8.399999999999999;53.8;3.4292856398964493;1.847562885284424;0.10003600006145037
20261001_101354;Recorrência_25;C;LeveragingBagging;Default_FullFeatures;1.0;151;5.0;2154;12918;100;5;637.6;7.812809993849844;4.935748567889766;0.060480027820481876;632.0;8.438009243891594;5.6;2.5768197453450252;22.290670632906323;4.405302033548797;48.94660894660895;25.938938943626706;16.206896551724135;4.949206929105975;0.2635705077252894;0.06481450627404262;16.4;11.825396399275585;48.6;2.8705400188814645;8.327006673812866;0.423665208598996
20261001_101354;Recorrência_25;C;HoeffdingAdaptiveTree;Default_FullFeatures;1.0;151;5.0;2154;12918;100;5;637.6;7.812809993849844;4.935748567889766;0.060480027820481876;632.0;8.438009243891594;5.6;2.5768197453450252;12.15968841285297;10.02569473520848;46.666666666666664;45.21553322083512;7.241379310344827;5.9125614480973265;0.1783828071351429;0.15538195212753309;2.8;5.6;53.8;3.4292856398964493;1.948080587387085;0.032315639215700166
20261001_101354;Recorrência_25;C;AdaptiveRandomForest;Default_FullFeatures;1.0;151;5.0;2154;12918;100;5;637.6;7.812809993849844;4.935748567889766;0.060480027820481876;632.0;8.438009243891594;5.6;2.5768197453450252;34.75175856938213;8.662792696572337;32.676904095273485;10.056149847905461;40.3448275862069;13.38179855995328;0.3528645150454676;0.08893326422924396;53.2;25.309286833097453;34.6;7.761443164772902;8.231898593902589;0.84109941108483
20261001_101354;Recorrência_25;C;HoeffdingTree;Default_FullFeatures;1.0;151;5.0;2154;12918;100;5;637.6;7.812809993849844;4.935748567889766;0.060480027820481876;632.0;8.438009243891594;5.6;2.5768197453450252;8.615384615384617;10.551648122758307;40.0;48.98979485566356;4.827586206896552;5.9125614480973265;0.13826063671931882;0.17020596820943384;2.6;5.2;55.2;3.4292856398964497;1.8404942512512208;0.08907719923272336
20261001_101354;Recorrência_25;C;LeveragingBagging;Default_FullFeatures;1.0;151;10.0;2154;12918;100;5;1292.0;22.89978165834775;10.001548227279764;0.17727033332054354;1278.6;22.63271967749347;13.4;2.0591260281974;26.361599185128597;4.87340364076263;70.47076023391813;15.662420376762052;16.89655172413793;4.802892509373835;0.3351507819309239;0.033691588414074033;5.4;4.409081537009721;48.2;2.7856776554368237;9.184259510040283;0.20440041758551256
20261001_101354;Recorrência_25;C;HoeffdingAdaptiveTree;Default_FullFeatures;1.0;151;10.0;2154;12918;100;5;1292.0;22.89978165834775;10.001548227279764;0.17727033332054354;1278.6;22.63271967749347;13.4;2.0591260281974;5.484162895927602;8.344185858704364;24.0;38.781438859330635;3.103448275862069;4.677468953879495;0.08516462076416856;0.13459445043719293;4.6;6.053098380168622;56.2;2.7129319932501073;1.9440658569335938;0.0071246736135650805
20261001_101354;Recorrência_25;C;AdaptiveRandomForest;Default_FullFeatures;1.0;151;10.0;2154;12918;100;5;1292.0;22.89978165834775;10.001548227279764;0.17727033332054354;1278.6;22.63271967749347;13.4;2.0591260281974;30.911588411588404;10.546895319114792;36.66861598440546;8.439511211572121;29.655172413793103;16.15177714293844;0.3172653604136997;0.10320417052838457;29.8;13.347658970770867;40.8;9.368030742904295;8.965074348449708;0.4092252454677287
20261001_101354;Recorrência_25;C;HoeffdingTree;Default_FullFeatures;1.0;151;10.0;2154;12918;100;5;1292.0;22.89978165834775;10.001548227279764;0.17727033332054354;1278.6;22.63271967749347;13.4;2.0591260281974;14.932182417751573;12.893807553768847;80.0;40.0;8.620689655172416;7.938527195325061;0.24602251127410799;0.15923134476091208;1.2;2.4;53.0;4.604345773288535;1.831952953338623;0.11858903473015928
20261001_101354;Recorrência_25;C;LeveragingBagging;Default_FullFeatures;1.0;151;30.0;2154;12918;100;5;3908.4;25.366119135571367;30.255457501161167;0.19636258813726096;3863.0;23.605084198112916;45.4;5.276362383309167;30.97984188676611;6.636296818444758;96.0;4.898979485566356;18.620689655172413;4.677468953879496;0.4193241514153071;0.058891694980053665;0.4;0.48989794855663565;47.2;2.7129319932501073;12.093964624404908;0.2648615174683306
20261001_101354;Recorrência_25;C;HoeffdingAdaptiveTree;Default_FullFeatures;1.0;151;30.0;2154;12918;100;5;3908.4;25.366119135571367;30.255457501161167;0.19636258813726096;3863.0;23.605084198112916;45.4;5.276362383309167;21.760428626100268;7.823828196270903;100.0;0.0;12.413793103448276;4.677468953879495;0.34230451772245357;0.08054127405537302;0.0;0.0;50.8;2.7129319932501073;1.9920928478240967;0.06551200079653309
20261001_101354;Recorrência_25;C;AdaptiveRandomForest;Default_FullFeatures;1.0;151;30.0;2154;12918;100;5;3908.4;25.366119135571367;30.255457501161167;0.19636258813726096;3863.0;23.605084198112916;45.4;5.276362383309167;31.614054727987234;7.509137768037463;57.25573549257759;6.432974729342142;22.068965517241377;6.206896551724138;0.3520351129860383;0.0694165079327673;9.2;1.32664991614216;45.2;3.6;11.699379491806031;0.3328624740434239
20261001_101354;Recorrência_25;C;HoeffdingTree;Default_FullFeatures;1.0;151;30.0;2154;12918;100;5;3908.4;25.366119135571367;30.255457501161167;0.19636258813726096;3863.0;23.605084198112916;45.4;5.276362383309167;28.70702226210194;14.438060593844433;100.0;0.0;17.586206896551722;9.838167322542832;0.39782036708451785;0.1303577346901932;0.0;0.0;47.8;5.706137047074843;1.768767738342285;0.02545375705212851
20261001_101354;Recorrência_25;C;LeveragingBagging;Default_FullFeatures;1.0;151;100.0;2154;12918;100;5;12918.0;0.0;100.0;0.0;12767.0;0.0;151.0;0.0;29.411764705882355;0.0;100.0;0.0;17.24137931034483;0.0;0.41445464289313483;0.0;0.0;0.0;48.0;0.0;20.498460817337037;0.7697761591387189
20261001_101354;Recorrência_25;C;HoeffdingAdaptiveTree;Default_FullFeatures;1.0;151;100.0;2154;12918;100;5;12918.0;0.0;100.0;0.0;12767.0;0.0;151.0;0.0;45.33333333333333;0.0;100.0;0.0;29.310344827586203;0.0;0.5405293251857405;0.0;0.0;0.0;41.0;0.0;2.173550510406494;0.05718281305288756
20261001_101354;Recorrência_25;C;AdaptiveRandomForest;Default_FullFeatures;1.0;151;100.0;2154;12918;100;5;12918.0;0.0;100.0;0.0;12767.0;0.0;151.0;0.0;28.77151157722676;6.758254117149675;43.30149620668554;7.8492950624395625;21.724137931034484;5.831563629409573;0.30362300062662967;0.06672124412317165;16.2;3.059411708155671;45.4;3.3823069050575527;19.804373836517335;0.29484004994820684
20261001_101354;Recorrência_25;C;HoeffdingTree;Default_FullFeatures;1.0;151;100.0;2154;12918;100;5;12918.0;0.0;100.0;0.0;12767.0;0.0;151.0;0.0;0.0;0.0;0.0;0.0;0.0;0.0;-0.0005908982213192484;0.0;1.0;0.0;58.0;0.0;1.863090705871582;0.017571453882136576
20261001_101354;Recorrência_25;C;LeveragingBagging;Default_FullFeatures;5.0;754;1.0;2154;12918;100;5;127.0;3.1622776601683795;0.983124322650565;0.024479622698315405;122.4;3.7735924528226414;4.6;1.3564659966250536;21.79448547189543;11.645761689592875;51.56469021586768;41.779963853623734;18.620689655172413;8.818421967272014;0.26844605046790804;0.14516465541588686;52.4;59.29114605065414;47.2;5.114684741017769;7.40084056854248;0.3698576635728304
20261001_101354;Recorrência_25;C;HoeffdingAdaptiveTree;Default_FullFeatures;5.0;754;1.0;2154;12918;100;5;127.0;3.1622776601683795;0.983124322650565;0.024479622698315405;122.4;3.7735924528226414;4.6;1.3564659966250536;9.696969696969697;11.876313904403288;40.0;48.98979485566356;5.517241379310344;6.7572130835398;0.14826831471644733;0.18159085803884292;0.0;0.0;54.8;3.9191835884530852;1.9329696655273438;0.0446258963044818
20261001_101354;Recorrência_25;C;AdaptiveRandomForest;Default_FullFeatures;5.0;754;1.0;2154;12918;100;5;127.0;3.1622776601683795;0.983124322650565;0.024479622698315405;122.4;3.7735924528226414;4.6;1.3564659966250536;20.493794415433296;8.307275760906736;14.394617273175026;6.414525643924757;41.03448275862069;14.847620787317924;0.23056373517616152;0.08332911401928442;168.4;107.958510549192;34.2;8.611620056644394;7.769021463394165;0.4616408884502279
20261001_101354;Recorrência_25;C;HoeffdingTree;Default_FullFeatures;5.0;754;1.0;2154;12918;100;5;127.0;3.1622776601683795;0.983124322650565;0.024479622698315405;122.4;3.7735924528226414;4.6;1.3564659966250536;9.696969696969697;11.876313904403288;40.0;48.98979485566356;5.517241379310344;6.7572130835398;0.14826831471644733;0.18159085803884292;0.0;0.0;54.8;3.9191835884530852;1.9118265151977538;0.040630726059198936
20261001_101354;Recorrência_25;C;LeveragingBagging;Default_FullFeatures;5.0;754;3.0;2154;12918;100;5;372.6;7.031358332498778;2.8843474222015795;0.05443070392087616;355.6;7.631513611335565;17.0;1.2649110640673518;25.103122960265814;9.579188033636058;42.144068566582874;24.163310461291097;20.0;5.408409359089008;0.2757991342658114;0.1135882327479181;29.6;27.78200856669654;46.4;3.1368774282716245;7.9339252471923825;0.6176234609706563
20261001_101354;Recorrência_25;C;HoeffdingAdaptiveTree;Default_FullFeatures;5.0;754;3.0;2154;12918;100;5;372.6;7.031358332498778;2.8843474222015795;0.05443070392087616;355.6;7.631513611335565;17.0;1.2649110640673518;12.923076923076923;10.551648122758307;60.0;48.98979485566356;7.241379310344827;5.9125614480973265;0.20803040632641262;0.1698561154945215;0.0;0.0;53.8;3.4292856398964493;1.9288718700408936;0.030431307869360286
20261001_101354;Recorrência_25;C;AdaptiveRandomForest;Default_FullFeatures;5.0;754;3.0;2154;12918;100;5;372.6;7.031358332498778;2.8843474222015795;0.05443070392087616;355.6;7.631513611335565;17.0;1.2649110640673518;35.25226302686639;4.883450020374217;28.346024970383006;6.257909382104771;49.310344827586206;8.057463065895123;0.3659643878925758;0.04518437577516219;77.8;27.61448895054913;29.4;4.673328578219168;7.496994686126709;0.5426100993602203
20261001_101354;Recorrência_25;C;HoeffdingTree;Default_FullFeatures;5.0;754;3.0;2154;12918;100;5;372.6;7.031358332498778;2.8843474222015795;0.05443070392087616;355.6;7.631513611335565;17.0;1.2649110640673518;11.833775419982318;9.864790233072995;44.827586206896555;45.90223804770686;7.241379310344827;5.9125614480973265;0.17230137935096707;0.15507112813008625;4.4;8.8;53.8;3.4292856398964493;1.853620719909668;0.09296663870220973
20261001_101354;Recorrência_25;C;LeveragingBagging;Default_FullFeatures;5.0;754;5.0;2154;12918;100;5;637.6;7.812809993849844;4.935748567889766;0.060480027820481876;607.8;7.934733769950949;29.8;1.6;23.151817166936222;3.7212910352614212;52.52583979328166;29.24919075826008;17.241379310344826;5.229569271759691;0.2769158809844877;0.060076492279984385;17.4;13.602940858505562;48.0;3.03315017762062;8.279884576797485;0.3798779645589749
20261001_101354;Recorrência_25;C;HoeffdingAdaptiveTree;Default_FullFeatures;5.0;754;5.0;2154;12918;100;5;637.6;7.812809993849844;4.935748567889766;0.060480027820481876;607.8;7.934733769950949;29.8;1.6;12.03001876172608;9.956877549555324;45.83333333333333;45.491146879853936;7.241379310344827;5.9125614480973265;0.17575090843308933;0.1551305079307559;3.4;6.8;53.8;3.4292856398964493;1.9412792682647706;0.03568690497251218
20261001_101354;Recorrência_25;C;AdaptiveRandomForest;Default_FullFeatures;5.0;754;5.0;2154;12918;100;5;637.6;7.812809993849844;4.935748567889766;0.060480027820481876;607.8;7.934733769950949;29.8;1.6;38.607626212532146;4.126366568939392;34.48619275178642;8.141850811504757;47.58620689655172;7.908513752537736;0.3946376503647106;0.035025526841504326;59.6;27.709926019388792;30.4;4.586937976471886;8.095975971221923;0.67060781375062
20261001_101354;Recorrência_25;C;HoeffdingTree;Default_FullFeatures;5.0;754;5.0;2154;12918;100;5;637.6;7.812809993849844;4.935748567889766;0.060480027820481876;607.8;7.934733769950949;29.8;1.6;8.615384615384617;10.551648122758307;40.0;48.98979485566356;4.827586206896552;5.9125614480973265;0.1383525844306636;0.170130208838843;1.6;3.2000000000000006;55.2;3.4292856398964497;1.875596809387207;0.09729705819436638
20261001_101354;Recorrência_25;C;LeveragingBagging;Default_FullFeatures;5.0;754;10.0;2154;12918;100;5;1292.0;22.89978165834775;10.001548227279764;0.17727033332054354;1224.4;22.374986033515192;67.6;3.3823069050575527;26.1655078061393;5.178151068875376;65.77668308702792;19.914822082783655;17.241379310344826;4.876598490941707;0.324281587574853;0.04269977030142727;7.4;6.1838499334961226;48.0;2.8284271247461903;9.12624225616455;0.19994847390118786
20261001_101354;Recorrência_25;C;HoeffdingAdaptiveTree;Default_FullFeatures;5.0;754;10.0;2154;12918;100;5;1292.0;22.89978165834775;10.001548227279764;0.17727033332054354;1224.4;22.374986033515192;67.6;3.3823069050575527;5.450549450549451;8.342852511028253;23.333333333333332;38.873012632302;3.103448275862069;4.677468953879495;0.08371078370746673;0.13464862420002074;4.6;5.71314274283428;56.2;2.7129319932501073;1.9437886238098145;0.00733419279622697
20261001_101354;Recorrência_25;C;AdaptiveRandomForest;Default_FullFeatures;5.0;754;10.0;2154;12918;100;5;1292.0;22.89978165834775;10.001548227279764;0.17727033332054354;1224.4;22.374986033515192;67.6;3.3823069050575527;35.34943020802581;11.310252943746468;34.78144476885198;9.50102691823781;36.89655172413793;14.775369162502447;0.35305473875279014;0.11475934653179908;38.4;7.525955088890711;36.6;8.56971411425142;8.841820526123048;0.30667550182681347
20261001_101354;Recorrência_25;C;HoeffdingTree;Default_FullFeatures;5.0;754;10.0;2154;12918;100;5;1292.0;22.89978165834775;10.001548227279764;0.17727033332054354;1224.4;22.374986033515192;67.6;3.3823069050575527;14.932182417751573;12.893807553768847;80.0;40.0;8.620689655172416;7.938527195325061;0.24588574631209345;0.1594439916567197;2.6;5.2;53.0;4.604345773288535;1.7910600185394288;0.09649267069822967
20261001_101354;Recorrência_25;C;LeveragingBagging;Default_FullFeatures;5.0;754;30.0;2154;12918;100;5;3908.4;25.366119135571367;30.255457501161167;0.19636258813726096;3690.0;26.313494636782853;218.4;14.305243793798134;31.332586110511983;7.365372613300341;94.36363636363636;7.372049066441194;18.96551724137931;5.229569271759689;0.41915534472576577;0.06708376815546988;0.6;0.7999999999999999;47.0;3.03315017762062;12.142934226989746;0.23942816514903875
20261001_101354;Recorrência_25;C;HoeffdingAdaptiveTree;Default_FullFeatures;5.0;754;30.0;2154;12918;100;5;3908.4;25.366119135571367;30.255457501161167;0.19636258813726096;3690.0;26.313494636782853;218.4;14.305243793798134;21.760428626100268;7.823828196270903;100.0;0.0;12.413793103448276;4.677468953879495;0.34230451772245357;0.08054127405537302;0.0;0.0;50.8;2.7129319932501073;2.007012414932251;0.025049668096707348
20261001_101354;Recorrência_25;C;AdaptiveRandomForest;Default_FullFeatures;5.0;754;30.0;2154;12918;100;5;3908.4;25.366119135571367;30.255457501161167;0.19636258813726096;3690.0;26.313494636782853;218.4;14.305243793798134;39.42675912487233;6.463749389734066;49.81324476650563;11.435473120762483;33.44827586206897;6.414163875082165;0.4027824596294324;0.06796004738980996;21.2;8.518215775618742;38.6;3.7202150475476548;11.508765506744385;0.3599868378072119
20261001_101354;Recorrência_25;C;HoeffdingTree;Default_FullFeatures;5.0;754;30.0;2154;12918;100;5;3908.4;25.366119135571367;30.255457501161167;0.19636258813726096;3690.0;26.313494636782853;218.4;14.305243793798134;28.70702226210194;14.438060593844433;100.0;0.0;17.586206896551722;9.838167322542832;0.39782036708451785;0.1303577346901932;0.0;0.0;47.8;5.706137047074843;1.7737865924835206;0.023577185516792398
20261001_101354;Recorrência_25;C;LeveragingBagging;Default_FullFeatures;5.0;754;100.0;2154;12918;100;5;12918.0;0.0;100.0;0.0;12164.0;0.0;754.0;0.0;28.90512726829862;0.3137875126574205;89.6969696969697;6.165754530113876;17.24137931034483;0.0;0.39210520134253574;0.013508785911196138;1.2;0.7483314773547883;48.0;0.0;19.30295886993408;0.22525138803444436
20261001_101354;Recorrência_25;C;HoeffdingAdaptiveTree;Default_FullFeatures;5.0;754;100.0;2154;12918;100;5;12918.0;0.0;100.0;0.0;12164.0;0.0;754.0;0.0;45.33333333333333;0.0;100.0;0.0;29.310344827586203;0.0;0.5405293251857405;0.0;0.0;0.0;41.0;0.0;2.1395950317382812;0.07169330722134122
20261001_101354;Recorrência_25;C;AdaptiveRandomForest;Default_FullFeatures;5.0;754;100.0;2154;12918;100;5;12918.0;0.0;100.0;0.0;12164.0;0.0;754.0;0.0;28.038535476723258;4.703975274220397;33.61599397967533;5.482984985082832;24.137931034482754;4.3617622898874195;0.2818284212615791;0.04731518872969388;27.6;3.2619012860600183;44.0;2.5298221281347035;19.746105241775513;0.6923237083289016
20261001_101354;Recorrência_25;C;HoeffdingTree;Default_FullFeatures;5.0;754;100.0;2154;12918;100;5;12918.0;0.0;100.0;0.0;12164.0;0.0;754.0;0.0;0.0;0.0;0.0;0.0;0.0;0.0;-0.0008356886276003259;1.0842021724855044e-19;2.0;0.0;58.0;0.0;1.9007060527801514;0.040697734958913094
20261001_101354;Recorrência_25;C;LeveragingBagging;Default_FullFeatures;10.0;1507;1.0;2154;12918;100;5;127.0;3.1622776601683795;0.983124322650565;0.024479622698315405;117.0;3.3466401061363023;10.0;2.6832815729997477;17.443169219168404;7.1399536654008955;42.59505371945102;35.37091255338603;14.482758620689655;1.3793103448275872;0.21718040013542125;0.11293565379644442;55.6;65.77415905961854;49.6;0.8;7.44251503944397;0.35618224680049754
20261001_101354;Recorrência_25;C;HoeffdingAdaptiveTree;Default_FullFeatures;10.0;1507;1.0;2154;12918;100;5;127.0;3.1622776601683795;0.983124322650565;0.024479622698315405;117.0;3.3466401061363023;10.0;2.6832815729997477;19.393939393939394;9.696969696969697;80.0;40.0;11.034482758620689;5.517241379310344;0.29653662943289466;0.14826831471644733;0.0;0.0;51.6;3.1999999999999997;1.9495934009552003;0.04431453743315156
20261001_101354;Recorrência_25;C;AdaptiveRandomForest;Default_FullFeatures;10.0;1507;1.0;2154;12918;100;5;127.0;3.1622776601683795;0.983124322650565;0.024479622698315405;117.0;3.3466401061363023;10.0;2.6832815729997477;16.43237084464169;7.874326568361661;11.099123241197299;5.608900902024065;36.89655172413793;17.73768434429198;0.19048668875215471;0.08741594501739226;189.2;106.18738154790333;36.6;10.287856919689348;7.427102756500244;0.33431157162821085
20261001_101354;Recorrência_25;C;HoeffdingTree;Default_FullFeatures;10.0;1507;1.0;2154;12918;100;5;127.0;3.1622776601683795;0.983124322650565;0.024479622698315405;117.0;3.3466401061363023;10.0;2.6832815729997477;19.393939393939394;9.696969696969697;80.0;40.0;11.034482758620689;5.517241379310344;0.29653662943289466;0.14826831471644733;0.0;0.0;51.6;3.1999999999999997;1.9047838211059571;0.008442895027857167
20261001_101354;Recorrência_25;C;LeveragingBagging;Default_FullFeatures;10.0;1507;3.0;2154;12918;100;5;372.6;7.031358332498778;2.8843474222015795;0.05443070392087616;334.6;7.445804187594513;38.0;5.656854249492381;25.57739128836949;11.403765402181037;42.28471528471528;25.02184835754066;20.344827586206897;6.301954097412781;0.2797184288885782;0.1303836234532879;31.6;29.52693685433692;46.2;3.6551333764994136;7.856610488891602;0.5639042469719722
20261001_101354;Recorrência_25;C;HoeffdingAdaptiveTree;Default_FullFeatures;10.0;1507;3.0;2154;12918;100;5;372.6;7.031358332498778;2.8843474222015795;0.05443070392087616;334.6;7.445804187594513;38.0;5.656854249492381;12.923076923076923;10.551648122758307;60.0;48.98979485566356;7.241379310344827;5.9125614480973265;0.20803040632641262;0.1698561154945215;0.0;0.0;53.8;3.4292856398964493;1.9262413501739502;0.01134005447949076
20261001_101354;Recorrência_25;C;AdaptiveRandomForest;Default_FullFeatures;10.0;1507;3.0;2154;12918;100;5;372.6;7.031358332498778;2.8843474222015795;0.05443070392087616;334.6;7.445804187594513;38.0;5.656854249492381;30.926673795106247;2.647827093350957;22.906985669587385;2.6478997596180447;49.310344827586206;8.057463065895123;0.3296301045195723;0.02901089258037735;98.8;26.301330764811123;29.4;4.673328578219168;7.519601058959961;0.6279233594343411
20261001_101354;Recorrência_25;C;HoeffdingTree;Default_FullFeatures;10.0;1507;3.0;2154;12918;100;5;372.6;7.031358332498778;2.8843474222015795;0.05443070392087616;334.6;7.445804187594513;38.0;5.656854249492381;11.98887859128823;9.936358906971678;45.6;45.57894250638117;7.241379310344827;5.9125614480973265;0.17497981453447128;0.15509060488094406;3.6;7.200000000000001;53.8;3.4292856398964493;1.8839359760284424;0.09564732275476102
20261001_101354;Recorrência_25;C;LeveragingBagging;Default_FullFeatures;10.0;1507;5.0;2154;12918;100;5;637.6;7.812809993849844;4.935748567889766;0.060480027820481876;572.0;7.8230428862431785;65.6;7.255342858886822;23.09086918922071;4.098450816714557;47.53628507557305;22.92879485090372;17.241379310344826;5.229569271759691;0.26779745021849133;0.05323283339785567;17.6;12.370933675353692;48.0;3.03315017762062;8.261050748825074;0.3123539194758416
20261001_101354;Recorrência_25;C;HoeffdingAdaptiveTree;Default_FullFeatures;10.0;1507;5.0;2154;12918;100;5;637.6;7.812809993849844;4.935748567889766;0.060480027820481876;572.0;7.8230428862431785;65.6;7.255342858886822;12.115384615384617;10.001479180542075;46.36363636363636;45.308857434098584;7.241379310344827;5.9125614480973265;0.17744642358106638;0.15527209074084417;3.0;6.0;53.8;3.4292856398964493;1.9790877819061279;0.03696849963895001
20261001_101354;Recorrência_25;C;AdaptiveRandomForest;Default_FullFeatures;10.0;1507;5.0;2154;12918;100;5;637.6;7.812809993849844;4.935748567889766;0.060480027820481876;572.0;7.8230428862431785;65.6;7.255342858886822;32.11936574166149;5.757936514561207;25.792597170974233;6.418397408156357;45.51724137931035;10.264052459404978;0.3342397353454977;0.05855024597116915;81.4;28.2177249260106;31.6;5.9531504264548865;8.179977226257325;0.5924175713311639
20261001_101354;Recorrência_25;C;HoeffdingTree;Default_FullFeatures;10.0;1507;5.0;2154;12918;100;5;637.6;7.812809993849844;4.935748567889766;0.060480027820481876;572.0;7.8230428862431785;65.6;7.255342858886822;12.205128205128206;10.051282051282053;47.0;45.12205669071391;7.241379310344827;5.9125614480973265;0.17938796803310836;0.15552489496749647;2.6;5.2;53.8;3.4292856398964493;1.9060667037963868;0.07999736046025939
20261001_101354;Recorrência_25;C;LeveragingBagging;Default_FullFeatures;10.0;1507;10.0;2154;12918;100;5;1292.0;22.89978165834775;10.001548227279764;0.17727033332054354;1151.2;19.943921379708655;140.8;11.303096920755832;26.7704045306785;5.9206778892751375;64.78379953379952;18.98810880334444;17.586206896551722;5.0443927028716535;0.32716073911673493;0.052015963013895494;7.0;4.427188724235731;47.8;2.9257477676655586;9.23570499420166;0.1472195803462591
20261001_101354;Recorrência_25;C;HoeffdingAdaptiveTree;Default_FullFeatures;10.0;1507;10.0;2154;12918;100;5;1292.0;22.89978165834775;10.001548227279764;0.17727033332054354;1151.2;19.943921379708655;140.8;11.303096920755832;5.641025641025641;8.357558476908046;40.0;48.98979485566356;3.103448275862069;4.677468953879495;0.10590021284805311;0.14034114562349664;3.6;7.2;56.2;2.7129319932501073;1.939020299911499;0.016867414235249865
20261001_101354;Recorrência_25;C;AdaptiveRandomForest;Default_FullFeatures;10.0;1507;10.0;2154;12918;100;5;1292.0;22.89978165834775;10.001548227279764;0.17727033332054354;1151.2;19.943921379708655;140.8;11.303096920755832;33.75133347383104;5.1879431489346235;28.836151530472353;4.608606263765593;41.72413793103448;9.34221874768556;0.3415044265087063;0.05581408462708378;60.8;13.905394636614957;33.8;5.418486873657627;8.681002521514893;0.29183176603067124
20261001_101354;Recorrência_25;C;HoeffdingTree;Default_FullFeatures;10.0;1507;10.0;2154;12918;100;5;1292.0;22.89978165834775;10.001548227279764;0.17727033332054354;1151.2;19.943921379708655;140.8;11.303096920755832;14.932182417751573;12.893807553768847;80.0;40.0;8.620689655172416;7.938527195325061;0.24577006022378142;0.15962400915775113;4.2;8.4;53.0;4.604345773288535;1.80353102684021;0.08968740562892637
20261001_101354;Recorrência_25;C;LeveragingBagging;Default_FullFeatures;10.0;1507;30.0;2154;12918;100;5;3908.4;25.366119135571367;30.255457501161167;0.19636258813726096;3456.6;25.271327626383226;451.8;10.628264204469138;31.40931245322298;7.3121341284396335;96.0;4.898979485566356;18.96551724137931;5.229569271759689;0.4226582734647598;0.06404690366158423;0.4;0.48989794855663565;47.0;3.03315017762062;12.078976011276245;0.24427008688260493
20261001_101354;Recorrência_25;C;HoeffdingAdaptiveTree;Default_FullFeatures;10.0;1507;30.0;2154;12918;100;5;3908.4;25.366119135571367;30.255457501161167;0.19636258813726096;3456.6;25.271327626383226;451.8;10.628264204469138;21.760428626100268;7.823828196270903;100.0;0.0;12.413793103448276;4.677468953879495;0.34230451772245357;0.08054127405537302;0.0;0.0;50.8;2.7129319932501073;2.0099523067474365;0.03605700225177473
20261001_101354;Recorrência_25;C;AdaptiveRandomForest;Default_FullFeatures;10.0;1507;30.0;2154;12918;100;5;3908.4;25.366119135571367;30.255457501161167;0.19636258813726096;3456.6;25.271327626383226;451.8;10.628264204469138;33.40099907114187;5.747436637472063;33.645225294418836;5.7418522862189825;33.44827586206897;6.596940161968619;0.3317469808662795;0.05780673901624745;38.6;6.437390775772433;38.6;3.826225293941798;11.430529022216797;0.392863327170939
20261001_101354;Recorrência_25;C;HoeffdingTree;Default_FullFeatures;10.0;1507;30.0;2154;12918;100;5;3908.4;25.366119135571367;30.255457501161167;0.19636258813726096;3456.6;25.271327626383226;451.8;10.628264204469138;28.70702226210194;14.438060593844433;100.0;0.0;17.586206896551722;9.838167322542832;0.39782036708451785;0.1303577346901932;0.0;0.0;47.8;5.706137047074843;1.7978842735290528;0.025478998320373876
20261001_101354;Recorrência_25;C;LeveragingBagging;Default_FullFeatures;10.0;1507;100.0;2154;12918;100;5;12918.0;0.0;100.0;0.0;11411.0;0.0;1507.0;0.0;34.077071665209836;9.545170404571326;98.18181818181817;3.6363636363636376;21.03448275862069;7.586206896551722;0.4478451830009689;0.07687634604230655;0.2;0.4000000000000001;45.8;4.4;19.61316313743591;0.4073807437846604
20261001_101354;Recorrência_25;C;HoeffdingAdaptiveTree;Default_FullFeatures;10.0;1507;100.0;2154;12918;100;5;12918.0;0.0;100.0;0.0;11411.0;0.0;1507.0;0.0;45.33333333333333;0.0;100.0;0.0;29.310344827586203;0.0;0.5405293251857405;0.0;0.0;0.0;41.0;0.0;2.1164125919342043;0.003437112704040493
20261001_101354;Recorrência_25;C;AdaptiveRandomForest;Default_FullFeatures;10.0;1507;100.0;2154;12918;100;5;12918.0;0.0;100.0;0.0;11411.0;0.0;1507.0;0.0;22.427646556072677;6.1773493761693725;22.99187057525101;7.426229331147363;22.068965517241377;5.386379086832175;0.22130667431397244;0.06267327169099184;44.6;8.522910301065007;45.2;3.1240998703626617;19.342709636688234;0.39781490189358254
20261001_101354;Recorrência_25;C;HoeffdingTree;Default_FullFeatures;10.0;1507;100.0;2154;12918;100;5;12918.0;0.0;100.0;0.0;11411.0;0.0;1507.0;0.0;0.0;0.0;0.0;0.0;0.0;0.0;0.0;0.0;0.0;0.0;58.0;0.0;1.8702112197875977;0.024466612210392164
