Exec_ID;Dataset;Category;Contamination_Block;Task_Type;Model;Scenario;Strategy;Threshold_Strategy;Decision_Strategy;Decision_Window;Persistence_K;Persistence_N;Warmup;Win_Evaluation;Discretization;Z;Score_Mean;Score_Std;Calculated_Threshold;F1_avg;F1_std;Prec_avg;Prec_std;Rec_avg;Rec_std;MCC_avg;MCC_std;FP_avg;FP_std;FN_avg;FN_std;Time_avg;Time_std;param_base_learner;param_ensemble_size;param_minibatch_size;param_number_of_jobs
20260614_0639;Consistência_25;Consistência;25;classification;LeveragingBagging;Default_FullFeatures;classifier;classifier;classifier;N/A;N/A;N/A;2000;100;N/A;N/A;N/A;N/A;N/A;93,5822;0,4225;96,2053;1,0982;91,1111;0,6804;0,9359;0,0043;3;1;7;1;29,1116;1,4803;N/A;100;N/A;N/A
20260614_0639;Consistência_200;Consistência;200;classification;LeveragingBagging;Default_FullFeatures;classifier;classifier;classifier;N/A;N/A;N/A;2000;100;N/A;N/A;N/A;N/A;N/A;95,0656;0,7333;98,1004;0,1885;92,2222;1,3422;0,9493;0,0074;9;1;40;7;39,7667;1,3092;N/A;100;N/A;N/A
20260614_0639;Consistência_1000;Consistência;1000;classification;LeveragingBagging;Default_FullFeatures;classifier;classifier;classifier;N/A;N/A;N/A;2000;100;N/A;N/A;N/A;N/A;N/A;98,5549;0,0439;98,6263;0,0840;98,4838;0,0778;0,9829;0,0005;35;3;38;2;78,8345;2,7246;N/A;100;N/A;N/A
20260614_0639;Generalização_25;Generalização;25;classification;LeveragingBagging;Default_FullFeatures;classifier;classifier;classifier;N/A;N/A;N/A;2000;100;N/A;N/A;N/A;N/A;N/A;93,8224;0,6668;96,2645;1,1027;91,5068;0,5479;0,9382;0,0068;3;1;7;1;43,7448;2,2853;N/A;100;N/A;N/A
20260614_0639;Generalização_200;Generalização;200;classification;LeveragingBagging;Default_FullFeatures;classifier;classifier;classifier;N/A;N/A;N/A;2000;100;N/A;N/A;N/A;N/A;N/A;97,3077;0,1660;98,6002;0,1341;96,0490;0,2371;0,9720;0,0017;8;1;23;2;79,2094;1,3952;N/A;100;N/A;N/A
20260614_0639;Generalização_1000;Generalização;1000;classification;LeveragingBagging;Default_FullFeatures;classifier;classifier;classifier;N/A;N/A;N/A;2000;100;N/A;N/A;N/A;N/A;N/A;98,5050;0,0475;98,7789;0,0745;98,2328;0,0941;0,9822;0,0006;32;2;46;3;143,9844;14,4545;N/A;100;N/A;N/A
20260614_0639;Adaptação_25;Adaptação;25;classification;LeveragingBagging;Default_FullFeatures;classifier;classifier;classifier;N/A;N/A;N/A;2000;100;N/A;N/A;N/A;N/A;N/A;87,2681;1,5885;95,6611;1,2392;80,2817;2,6723;0,8756;0,0148;3;1;14;2;85,6258;11,5656;N/A;100;N/A;N/A
20260614_0639;Adaptação_200;Adaptação;200;classification;LeveragingBagging;Default_FullFeatures;classifier;classifier;classifier;N/A;N/A;N/A;2000;100;N/A;N/A;N/A;N/A;N/A;90,0655;0,3033;97,3131;0,3630;83,8246;0,4760;0,8994;0,0031;14;2;93;3;117,8735;10,8025;N/A;100;N/A;N/A
20260614_0639;Adaptação_1000;Adaptação;1000;classification;LeveragingBagging;Default_FullFeatures;classifier;classifier;classifier;N/A;N/A;N/A;2000;100;N/A;N/A;N/A;N/A;N/A;96,7392;0,6597;98,7973;0,1011;94,7721;1,2179;0,9616;0,0076;30;3;135;32;234,3001;26,9677;N/A;100;N/A;N/A
20260614_0639;Recorrência_25;Recorrência;25;classification;LeveragingBagging;Default_FullFeatures;classifier;classifier;classifier;N/A;N/A;N/A;2000;100;N/A;N/A;N/A;N/A;N/A;82,3529;0,0000;100,0000;0,0000;70,0000;0,0000;0,8360;0,0000;0;0;21;0;132,9855;26,4401;N/A;100;N/A;N/A
20260614_0639;Recorrência_200;Recorrência;200;classification;LeveragingBagging;Default_FullFeatures;classifier;classifier;classifier;N/A;N/A;N/A;2000;100;N/A;N/A;N/A;N/A;N/A;93,1661;0,0692;97,5641;0,1370;89,1478;0,1391;0,9298;0,0007;13;1;63;1;201,8688;2,8834;N/A;100;N/A;N/A
20260614_0639;Recorrência_1000;Recorrência;1000;classification;LeveragingBagging;Default_FullFeatures;classifier;classifier;classifier;N/A;N/A;N/A;2000;100;N/A;N/A;N/A;N/A;N/A;97,4475;0,3380;99,0271;0,0482;95,9195;0,6296;0,9697;0,0039;25;2;108;17;304,4596;33,7801;N/A;100;N/A;N/A
