Exec_ID;Dataset;Category;Contamination_Block;Task_Type;Model;Scenario;Strategy;Threshold_Strategy;Decision_Strategy;Decision_Window;Persistence_K;Persistence_N;Warmup;Win_Evaluation;Discretization;Z;Score_Mean;Score_Std;Calculated_Threshold;F1_avg;F1_std;Prec_avg;Prec_std;Rec_avg;Rec_std;MCC_avg;MCC_std;FP_avg;FP_std;FN_avg;FN_std;Time_avg;Time_std;param_ensemble_size
20260611_1518;Consistência_25;Consistência;25;classification;LeveragingBagging;Otimizado_FullFeatures;classifier;classifier;classifier;N/A;N/A;N/A;2000;100;N/A;N/A;N/A;N/A;N/A;93,6958;0,5399;96,7471;0,5798;90,8333;0,6804;0,9371;0,0054;3;1;7;1;27,1251;2,1632;70
20260611_1518;Consistência_200;Consistência;200;classification;LeveragingBagging;Otimizado_FullFeatures;classifier;classifier;classifier;N/A;N/A;N/A;2000;100;N/A;N/A;N/A;N/A;N/A;95,7616;0,9662;98,1708;0,2076;93,4921;1,9857;0,9564;0,0097;9;2;33;11;20,1571;1,6621;30
20260611_1518;Consistência_1000;Consistência;1000;classification;LeveragingBagging;Otimizado_FullFeatures;classifier;classifier;classifier;N/A;N/A;N/A;2000;100;N/A;N/A;N/A;N/A;N/A;98,5317;0,2038;98,5477;0,2415;98,5158;0,2045;0,9826;0,0024;37;7;37;6;18,2737;2,0368;10
20260611_1518;Generalização_25;Generalização;25;classification;LeveragingBagging;Otimizado_FullFeatures;classifier;classifier;classifier;N/A;N/A;N/A;2000;100;N/A;N/A;N/A;N/A;N/A;93,4988;0,7248;96,5079;0,6773;90,6849;1,3422;0,9351;0,0072;3;1;7;1;42,6741;2,4624;90
20260611_1518;Generalização_200;Generalização;200;classification;LeveragingBagging;Otimizado_FullFeatures;classifier;classifier;classifier;N/A;N/A;N/A;2000;100;N/A;N/A;N/A;N/A;N/A;97,6149;0,1532;98,6442;0,1756;96,6084;0,4078;0,9752;0,0016;8;2;20;3;41,4359;0,5742;30
20260612_0942;Adaptação_25;Adaptação;25;classification;LeveragingBagging;Otimizado_FullFeatures;classifier;classifier;classifier;N/A;N/A;N/A;2000;100;N/A;N/A;N/A;N/A;N/A;87,2681;1,5885;95,6611;1,2392;80,2817;2,6723;0,8756;0,0148;3;1;14;2;35,9825;2,4910;100
20260612_0942;Adaptação_200;Adaptação;200;classification;LeveragingBagging;Otimizado_FullFeatures;classifier;classifier;classifier;N/A;N/A;N/A;2000;100;N/A;N/A;N/A;N/A;N/A;90,1418;0,5005;97,5882;0,3248;83,7544;0,7735;0,9003;0,0049;12;2;93;5;10,3359;0,2747;10
20260612_0942;Adaptação_1000;Adaptação;1000;classification;LeveragingBagging;Otimizado_FullFeatures;classifier;classifier;classifier;N/A;N/A;N/A;2000;100;N/A;N/A;N/A;N/A;N/A;98,3335;0,4141;98,7274;0,3538;97,9431;0,4985;0,9802;0,0049;33;9;53;13;20,4042;1,3876;10
20260613_0945;Recorrência_25;Recorrência;25;classification;LeveragingBagging;Otimizado_FullFeatures;classifier;classifier;classifier;N/A;N/A;N/A;2000;100;N/A;N/A;N/A;N/A;N/A;80,6509;1,9629;99,1663;1,0214;68,0000;2,6496;0,8203;0,0176;1;1;23;2;7,9430;0,2677;10
20260613_0945;Recorrência_200;Recorrência;200;classification;LeveragingBagging;Otimizado_FullFeatures;classifier;classifier;classifier;N/A;N/A;N/A;2000;100;N/A;N/A;N/A;N/A;N/A;93,2471;0,5206;96,9621;0,7287;89,8087;0,5343;0,9304;0,0055;17;4;59;4;5,4134;0,1892;10
20260613_0945;Recorrência_1000;Recorrência;1000;classification;LeveragingBagging;Otimizado_FullFeatures;classifier;classifier;classifier;N/A;N/A;N/A;2000;100;N/A;N/A;N/A;N/A;N/A;98,1491;0,1990;98,5820;0,2019;97,7204;0,2520;0,9779;0,0024;37;6;60;7;15,3748;0,2741;10
20260613_1458;Generalização_25;Generalização;25;classification;LeveragingBagging;Otimizado_FullFeatures;classifier;classifier;classifier;N/A;N/A;N/A;2000;100;N/A;N/A;N/A;N/A;N/A;93,4988;0,7248;96,5079;0,6773;90,6849;1,3422;0,9351;0,0072;3;1;7;1;28,7169;1,1048;90
20260613_1458;Generalização_200;Generalização;200;classification;LeveragingBagging;Otimizado_FullFeatures;classifier;classifier;classifier;N/A;N/A;N/A;2000;100;N/A;N/A;N/A;N/A;N/A;97,6149;0,1532;98,6442;0,1756;96,6084;0,4078;0,9752;0,0016;8;2;20;3;15,7418;1,5771;30
20260613_1458;Generalização_1000;Generalização;1000;classification;LeveragingBagging;Otimizado_FullFeatures;classifier;classifier;classifier;N/A;N/A;N/A;2000;100;N/A;N/A;N/A;N/A;N/A;98,7045;0,2124;98,9600;0,3107;98,4508;0,1929;0,9846;0,0025;27;9;40;5;17,9395;1,4370;10
20260614_0117;Consistência_25;Consistência;25;classification;LeveragingBagging;Otimizado_FullFeatures;classifier;classifier;classifier;N/A;N/A;N/A;2000;100;N/A;N/A;N/A;N/A;N/A;93,6958;0,5399;96,7471;0,5798;90,8333;0,6804;0,9371;0,0054;3;1;7;1;19,4526;1,0766;70
20260614_0117;Consistência_200;Consistência;200;classification;LeveragingBagging;Otimizado_FullFeatures;classifier;classifier;classifier;N/A;N/A;N/A;2000;100;N/A;N/A;N/A;N/A;N/A;95,7616;0,9662;98,1708;0,2076;93,4921;1,9857;0,9564;0,0097;9;2;33;11;16,4255;1,3522;30
20260614_0117;Consistência_1000;Consistência;1000;classification;LeveragingBagging;Otimizado_FullFeatures;classifier;classifier;classifier;N/A;N/A;N/A;2000;100;N/A;N/A;N/A;N/A;N/A;98,5317;0,2038;98,5477;0,2415;98,5158;0,2045;0,9826;0,0024;37;7;37;6;16,9279;1,8551;10
